2.000000000000001776e-02,1.000000000000000888e-02,0.000000000000000000e+00
0.000000000000000000e+00,1.000000000000000888e-02,0.000000000000000000e+00
1.000000000000000888e-02,-1.000000000000000888e-02,0.000000000000000000e+00
2.000000000000001776e-02,1.000000000000000888e-02,1.000000000000000888e-02
0.000000000000000000e+00,1.000000000000000888e-02,1.000000000000000888e-02
1.000000000000000888e-02,-1.000000000000000888e-02,1.000000000000000888e-02
1.000000000000000888e-02,8.660254037844400399e-03,1.500000000000001332e-02
-1.000000000000000888e-02,8.660254037844400399e-03,1.500000000000001332e-02
0.000000000000000000e+00,-8.660254037844400399e-03,5.000000000000004441e-03
2.000000000000001776e-02,8.660254037844400399e-03,5.000000000000004441e-03
0.000000000000000000e+00,8.660254037844400399e-03,5.000000000000004441e-03
1.000000000000000888e-02,-8.660254037844400399e-03,-5.000000000000004441e-03
2.000000000000001776e-02,8.660254037844400399e-03,1.500000000000001332e-02
0.000000000000000000e+00,8.660254037844400399e-03,1.500000000000001332e-02
1.000000000000000888e-02,-8.660254037844400399e-03,5.000000000000004441e-03
1.000000000000000888e-02,8.660254037844400399e-03,-5.000000000000004441e-03
-1.000000000000000888e-02,8.660254037844400399e-03,-5.000000000000004441e-03
0.000000000000000000e+00,-8.660254037844400399e-03,5.000000000000004441e-03
1.000000000000000888e-02,8.660254037844400399e-03,5.000000000000004441e-03
-1.000000000000000888e-02,8.660254037844400399e-03,5.000000000000004441e-03
0.000000000000000000e+00,-8.660254037844400399e-03,1.500000000000001332e-02
2.000000000000001776e-02,8.660254037844400399e-03,-5.000000000000004441e-03
0.000000000000000000e+00,8.660254037844400399e-03,-5.000000000000004441e-03
1.000000000000000888e-02,-8.660254037844400399e-03,5.000000000000004441e-03
2.000000000000001776e-02,8.660254037844400399e-03,5.000000000000004441e-03
0.000000000000000000e+00,8.660254037844400399e-03,5.000000000000004441e-03
1.000000000000000888e-02,-8.660254037844400399e-03,1.500000000000001332e-02
8.660254037844428154e-03,1.000000000000000888e-02,-5.000000000000004441e-03
-8.660254037844372643e-03,1.000000000000000888e-02,5.000000000000004441e-03
0.000000000000000000e+00,-1.000000000000000888e-02,0.000000000000000000e+00
8.660254037844428154e-03,1.000000000000000888e-02,5.000000000000004441e-03
-8.660254037844372643e-03,1.000000000000000888e-02,1.500000000000001332e-02
0.000000000000000000e+00,-1.000000000000000888e-02,1.000000000000000888e-02
1.866025403784443704e-02,1.000000000000000888e-02,-5.000000000000004441e-03
1.339745962155580727e-03,1.000000000000000888e-02,5.000000000000004441e-03
1.000000000000000888e-02,-1.000000000000000888e-02,0.000000000000000000e+00
1.866025403784443704e-02,1.000000000000000888e-02,5.000000000000004441e-03
1.339745962155580727e-03,1.000000000000000888e-02,1.500000000000001332e-02
1.000000000000000888e-02,-1.000000000000000888e-02,1.000000000000000888e-02
8.660254037844428154e-03,1.116025403784440262e-02,1.066987298107779925e-02
-8.660254037844372643e-03,6.160254037844398178e-03,1.933012701892222740e-02
0.000000000000000000e+00,-8.660254037844400399e-03,5.000000000000004441e-03
1.866025403784443704e-02,1.116025403784440262e-02,6.698729810777903637e-04
1.339745962155580727e-03,6.160254037844398178e-03,9.330127018922218518e-03
1.000000000000000888e-02,-8.660254037844400399e-03,-5.000000000000004441e-03
1.866025403784443704e-02,1.116025403784440262e-02,1.066987298107779925e-02
1.339745962155580727e-03,6.160254037844398178e-03,1.933012701892222740e-02
1.000000000000000888e-02,-8.660254037844400399e-03,5.000000000000004441e-03
8.660254037844428154e-03,6.160254037844398178e-03,-9.330127018922218518e-03
-8.660254037844372643e-03,1.116025403784440262e-02,-6.698729810777903637e-04
0.000000000000000000e+00,-8.660254037844400399e-03,5.000000000000004441e-03
8.660254037844428154e-03,6.160254037844398178e-03,6.698729810777903637e-04
-8.660254037844372643e-03,1.116025403784440262e-02,9.330127018922218518e-03
0.000000000000000000e+00,-8.660254037844400399e-03,1.500000000000001332e-02
1.866025403784443704e-02,6.160254037844398178e-03,-9.330127018922218518e-03
1.339745962155580727e-03,1.116025403784440262e-02,-6.698729810777903637e-04
1.000000000000000888e-02,-8.660254037844400399e-03,5.000000000000004441e-03
1.866025403784443704e-02,6.160254037844398178e-03,6.698729810777903637e-04
1.339745962155580727e-03,1.116025403784440262e-02,9.330127018922218518e-03
1.000000000000000888e-02,-8.660254037844400399e-03,1.500000000000001332e-02
-8.660254037844372643e-03,-6.160254037844398178e-03,9.330127018922218518e-03
8.660254037844428154e-03,-1.116025403784440262e-02,6.698729810777903637e-04
0.000000000000000000e+00,8.660254037844400399e-03,-5.000000000000004441e-03
-8.660254037844372643e-03,-6.160254037844398178e-03,1.933012701892222740e-02
8.660254037844428154e-03,-1.116025403784440262e-02,1.066987298107779925e-02
0.000000000000000000e+00,8.660254037844400399e-03,5.000000000000004441e-03
1.339745962155580727e-03,-6.160254037844398178e-03,9.330127018922218518e-03
1.866025403784443704e-02,-1.116025403784440262e-02,6.698729810777903637e-04
1.000000000000000888e-02,8.660254037844400399e-03,-5.000000000000004441e-03
1.339745962155580727e-03,-6.160254037844398178e-03,1.933012701892222740e-02
1.866025403784443704e-02,-1.116025403784440262e-02,1.066987298107779925e-02
1.000000000000000888e-02,8.660254037844400399e-03,5.000000000000004441e-03
-8.660254037844372643e-03,-1.000000000000000888e-02,5.000000000000004441e-03
8.660254037844428154e-03,-1.000000000000000888e-02,-5.000000000000004441e-03
0.000000000000000000e+00,1.000000000000000888e-02,0.000000000000000000e+00
-8.660254037844372643e-03,-1.000000000000000888e-02,1.500000000000001332e-02
8.660254037844428154e-03,-1.000000000000000888e-02,5.000000000000004441e-03
0.000000000000000000e+00,1.000000000000000888e-02,1.000000000000000888e-02
1.339745962155580727e-03,-1.000000000000000888e-02,5.000000000000004441e-03
1.866025403784443704e-02,-1.000000000000000888e-02,-5.000000000000004441e-03
1.000000000000000888e-02,1.000000000000000888e-02,0.000000000000000000e+00
1.339745962155580727e-03,-1.000000000000000888e-02,1.500000000000001332e-02
1.866025403784443704e-02,-1.000000000000000888e-02,5.000000000000004441e-03
1.000000000000000888e-02,1.000000000000000888e-02,1.000000000000000888e-02
-8.660254037844372643e-03,-1.116025403784440262e-02,9.330127018922218518e-03
8.660254037844428154e-03,-6.160254037844398178e-03,6.698729810777903637e-04
0.000000000000000000e+00,8.660254037844400399e-03,1.500000000000001332e-02
1.339745962155580727e-03,-1.116025403784440262e-02,-6.698729810777903637e-04
1.866025403784443704e-02,-6.160254037844398178e-03,-9.330127018922218518e-03
1.000000000000000888e-02,8.660254037844400399e-03,5.000000000000004441e-03
1.339745962155580727e-03,-1.116025403784440262e-02,9.330127018922218518e-03
1.866025403784443704e-02,-6.160254037844398178e-03,6.698729810777903637e-04
1.000000000000000888e-02,8.660254037844400399e-03,1.500000000000001332e-02
3.169872981077848095e-03,1.274519052838329891e-02,1.524519052838330113e-02
-1.183012701892222074e-02,-2.451905283832878091e-04,1.774519052838330335e-02
4.330127018922214077e-03,-6.250000000000005551e-03,3.504809471616687766e-03
1.316987298107785698e-02,1.274519052838329891e-02,1.524519052838330113e-02
-1.830127018922211857e-03,-2.451905283832878091e-04,1.774519052838330335e-02
1.433012701892222296e-02,-6.250000000000005551e-03,3.504809471616687766e-03
-3.169872981077792584e-03,-1.274519052838329891e-02,4.754809471616716632e-03
1.183012701892216523e-02,2.451905283832878091e-04,2.254809471616714411e-03
-4.330127018922214077e-03,6.250000000000005551e-03,1.649519052838333000e-02
6.830127018922160786e-03,-1.274519052838329891e-02,4.754809471616716632e-03
2.183012701892217411e-02,2.451905283832878091e-04,2.254809471616714411e-03
5.669872981077794805e-03,6.250000000000005551e-03,1.649519052838333000e-02
-3.660254037844368202e-03,1.366025403784440484e-02,0.000000000000000000e+00
-1.366025403784437708e-02,-3.660254037844395958e-03,0.000000000000000000e+00
8.660254037844428154e-03,-5.000000000000004441e-03,0.000000000000000000e+00
-3.660254037844368202e-03,1.366025403784440484e-02,1.000000000000000888e-02
-1.366025403784437708e-02,-3.660254037844395958e-03,1.000000000000000888e-02
8.660254037844428154e-03,-5.000000000000004441e-03,1.000000000000000888e-02
6.339745962155585168e-03,1.366025403784440484e-02,0.000000000000000000e+00
-3.660254037844368202e-03,-3.660254037844395958e-03,0.000000000000000000e+00
1.866025403784443704e-02,-5.000000000000004441e-03,0.000000000000000000e+00
6.339745962155585168e-03,1.366025403784440484e-02,1.000000000000000888e-02
-3.660254037844368202e-03,-3.660254037844395958e-03,1.000000000000000888e-02
1.866025403784443704e-02,-5.000000000000004441e-03,1.000000000000000888e-02
-3.660254037844368202e-03,1.183012701892219298e-02,6.830127018922216298e-03
-1.366025403784437708e-02,-3.169872981077820340e-03,-1.830127018922211857e-03
8.660254037844428154e-03,-4.330127018922186322e-03,-2.500000000000002220e-03
-3.660254037844368202e-03,1.183012701892219298e-02,1.683012701892222518e-02
-1.366025403784437708e-02,-3.169872981077820340e-03,8.169872981077797025e-03
8.660254037844428154e-03,-4.330127018922186322e-03,7.500000000000006661e-03
6.339745962155585168e-03,1.183012701892219298e-02,6.830127018922216298e-03
-3.660254037844368202e-03,-3.169872981077820340e-03,-1.830127018922211857e-03
1.866025403784443704e-02,-4.330127018922186322e-03,-2.500000000000002220e-03
6.339745962155585168e-03,1.183012701892219298e-02,1.683012701892222518e-02
-3.660254037844368202e-03,-3.169872981077820340e-03,8.169872981077797025e-03
1.866025403784443704e-02,-4.330127018922186322e-03,7.500000000000006661e-03
-3.660254037844368202e-03,6.830127018922188542e-03,-1.183012701892222074e-02
-1.366025403784437708e-02,-1.830127018922184101e-03,3.169872981077792584e-03
8.660254037844428154e-03,-2.500000000000002220e-03,4.330127018922214077e-03
-3.660254037844368202e-03,6.830127018922188542e-03,-1.830127018922211857e-03
-1.366025403784437708e-02,-1.830127018922184101e-03,1.316987298107780147e-02
8.660254037844428154e-03,-2.500000000000002220e-03,1.433012701892222296e-02
-3.660254037844368202e-03,1.183012701892219298e-02,-6.830127018922216298e-03
-1.366025403784437708e-02,-3.169872981077820340e-03,1.830127018922211857e-03
8.660254037844428154e-03,-4.330127018922186322e-03,2.500000000000002220e-03
-3.660254037844368202e-03,1.183012701892219298e-02,3.169872981077792584e-03
-1.366025403784437708e-02,-3.169872981077820340e-03,1.183012701892222074e-02
8.660254037844428154e-03,-4.330127018922186322e-03,1.250000000000001110e-02
-3.169872981077792584e-03,1.366025403784440484e-02,1.830127018922211857e-03
-1.183012701892222074e-02,-3.660254037844395958e-03,6.830127018922216298e-03
7.500000000000062172e-03,-5.000000000000004441e-03,-4.330127018922214077e-03
-3.169872981077792584e-03,1.366025403784440484e-02,1.183012701892222074e-02
-1.183012701892222074e-02,-3.660254037844395958e-03,1.683012701892222518e-02
7.500000000000062172e-03,-5.000000000000004441e-03,5.669872981077794805e-03
6.830127018922160786e-03,1.366025403784440484e-02,1.830127018922211857e-03
-1.830127018922211857e-03,-3.660254037844395958e-03,6.830127018922216298e-03
1.750000000000007105e-02,-5.000000000000004441e-03,-4.330127018922214077e-03
6.830127018922160786e-03,1.366025403784440484e-02,1.183012701892222074e-02
-1.830127018922211857e-03,-3.660254037844395958e-03,1.683012701892222518e-02
1.750000000000007105e-02,-5.000000000000004441e-03,5.669872981077794805e-03
3.169872981077848095e-03,-1.366025403784440484e-02,-1.830127018922211857e-03
1.183012701892216523e-02,3.660254037844395958e-03,-6.830127018922216298e-03
-7.500000000000006661e-03,5.000000000000004441e-03,4.330127018922214077e-03
3.169872981077848095e-03,-1.366025403784440484e-02,8.169872981077797025e-03
1.183012701892216523e-02,3.660254037844395958e-03,3.169872981077792584e-03
-7.500000000000006661e-03,5.000000000000004441e-03,1.433012701892222296e-02
1.316987298107785698e-02,-1.366025403784440484e-02,-1.830127018922211857e-03
2.183012701892217411e-02,3.660254037844395958e-03,-6.830127018922216298e-03
2.499999999999946709e-03,5.000000000000004441e-03,4.330127018922214077e-03
1.316987298107785698e-02,-1.366025403784440484e-02,8.169872981077797025e-03
2.183012701892217411e-02,3.660254037844395958e-03,3.169872981077792584e-03
2.499999999999946709e-03,5.000000000000004441e-03,1.433012701892222296e-02
3.660254037844423713e-03,-1.183012701892219298e-02,-6.830127018922216298e-03
1.366025403784443260e-02,3.169872981077820340e-03,1.830127018922211857e-03
-8.660254037844372643e-03,4.330127018922186322e-03,2.500000000000002220e-03
3.660254037844423713e-03,-1.183012701892219298e-02,3.169872981077792584e-03
1.366025403784443260e-02,3.169872981077820340e-03,1.183012701892222074e-02
-8.660254037844372643e-03,4.330127018922186322e-03,1.250000000000001110e-02
1.366025403784443260e-02,-1.183012701892219298e-02,-6.830127018922216298e-03
2.366025403784444148e-02,3.169872981077820340e-03,1.830127018922211857e-03
1.339745962155580727e-03,4.330127018922186322e-03,2.500000000000002220e-03
1.366025403784443260e-02,-1.183012701892219298e-02,3.169872981077792584e-03
2.366025403784444148e-02,3.169872981077820340e-03,1.183012701892222074e-02
1.339745962155580727e-03,4.330127018922186322e-03,1.250000000000001110e-02
-3.169872981077792584e-03,1.091506350946108705e-02,-8.415063509461084834e-03
-1.183012701892222074e-02,-6.584936490538900733e-03,-4.084936490538926268e-03
7.499999999999951150e-03,-2.165063509461107039e-03,6.250000000000033307e-03
-3.169872981077792584e-03,1.091506350946108705e-02,1.584936490538924048e-03
-1.183012701892222074e-02,-6.584936490538900733e-03,5.915063509461082614e-03
7.499999999999951150e-03,-2.165063509461107039e-03,1.625000000000004219e-02
6.830127018922160786e-03,1.091506350946108705e-02,1.584936490538924048e-03
-1.830127018922211857e-03,-6.584936490538900733e-03,5.915063509461082614e-03
1.749999999999996003e-02,-2.165063509461107039e-03,1.625000000000004219e-02
5.000000000000004441e-03,2.500000000000002220e-03,1.299038105676658672e-02
5.000000000000004441e-03,1.250000000000001110e-02,-4.330127018922214077e-03
-5.000000000000004441e-03,-7.500000000000006661e-03,-4.330127018922214077e-03
5.000000000000004441e-03,2.500000000000002220e-03,2.299038105676659560e-02
5.000000000000004441e-03,1.250000000000001110e-02,5.669872981077794805e-03
-5.000000000000004441e-03,-7.500000000000006661e-03,5.669872981077794805e-03
1.500000000000001332e-02,2.500000000000002220e-03,1.299038105676658672e-02
1.500000000000001332e-02,1.250000000000001110e-02,-4.330127018922214077e-03
5.000000000000004441e-03,-7.500000000000006661e-03,-4.330127018922214077e-03
1.500000000000001332e-02,2.500000000000002220e-03,2.299038105676659560e-02
1.500000000000001332e-02,1.250000000000001110e-02,5.669872981077794805e-03
5.000000000000004441e-03,-7.500000000000006661e-03,5.669872981077794805e-03
-5.000000000000004441e-03,-2.500000000000002220e-03,-1.299038105676658672e-02
-5.000000000000004441e-03,-1.250000000000001110e-02,4.330127018922214077e-03
5.000000000000004441e-03,7.500000000000006661e-03,4.330127018922214077e-03
-5.000000000000004441e-03,-2.500000000000002220e-03,-2.990381056766577839e-03
-5.000000000000004441e-03,-1.250000000000001110e-02,1.433012701892222296e-02
5.000000000000004441e-03,7.500000000000006661e-03,1.433012701892222296e-02
5.000000000000004441e-03,-2.500000000000002220e-03,-1.299038105676658672e-02
5.000000000000004441e-03,-1.250000000000001110e-02,4.330127018922214077e-03
1.500000000000001332e-02,7.500000000000006661e-03,4.330127018922214077e-03
5.000000000000004441e-03,-2.500000000000002220e-03,-2.990381056766577839e-03
5.000000000000004441e-03,-1.250000000000001110e-02,1.433012701892222296e-02
1.500000000000001332e-02,7.500000000000006661e-03,1.433012701892222296e-02
-3.169872981077792584e-03,-1.274519052838329891e-02,4.754809471616716632e-03
1.183012701892216523e-02,2.451905283832878091e-04,2.254809471616714411e-03
-4.330127018922214077e-03,6.250000000000005551e-03,1.649519052838333000e-02
6.830127018922160786e-03,-1.274519052838329891e-02,4.754809471616716632e-03
2.183012701892217411e-02,2.451905283832878091e-04,2.254809471616714411e-03
5.669872981077794805e-03,6.250000000000005551e-03,1.649519052838333000e-02
3.169872981077848095e-03,1.274519052838329891e-02,1.524519052838330113e-02
-1.183012701892222074e-02,-2.451905283832878091e-04,1.774519052838330335e-02
4.330127018922214077e-03,-6.250000000000005551e-03,3.504809471616743277e-03
1.316987298107785698e-02,1.274519052838329891e-02,1.524519052838330113e-02
-1.830127018922211857e-03,-2.451905283832878091e-04,1.774519052838330335e-02
1.433012701892222296e-02,-6.250000000000005551e-03,3.504809471616743277e-03
3.660254037844423713e-03,-1.366025403784440484e-02,0.000000000000000000e+00
1.366025403784443260e-02,3.660254037844395958e-03,0.000000000000000000e+00
-8.660254037844372643e-03,5.000000000000004441e-03,0.000000000000000000e+00
3.660254037844423713e-03,-1.366025403784440484e-02,1.000000000000000888e-02
1.366025403784443260e-02,3.660254037844395958e-03,1.000000000000000888e-02
-8.660254037844372643e-03,5.000000000000004441e-03,1.000000000000000888e-02
1.366025403784443260e-02,-1.366025403784440484e-02,0.000000000000000000e+00
2.366025403784444148e-02,3.660254037844395958e-03,0.000000000000000000e+00
1.339745962155580727e-03,5.000000000000004441e-03,0.000000000000000000e+00
1.366025403784443260e-02,-1.366025403784440484e-02,1.000000000000000888e-02
2.366025403784444148e-02,3.660254037844395958e-03,1.000000000000000888e-02
1.339745962155580727e-03,5.000000000000004441e-03,1.000000000000000888e-02
3.660254037844423713e-03,-1.183012701892222074e-02,-6.830127018922216298e-03
1.366025403784443260e-02,3.169872981077792584e-03,1.830127018922211857e-03
-8.660254037844372643e-03,4.330127018922214077e-03,2.500000000000002220e-03
3.660254037844423713e-03,-1.183012701892222074e-02,3.169872981077792584e-03
1.366025403784443260e-02,3.169872981077792584e-03,1.183012701892222074e-02
-8.660254037844372643e-03,4.330127018922214077e-03,1.250000000000001110e-02
1.366025403784443260e-02,-1.183012701892222074e-02,-6.830127018922216298e-03
2.366025403784444148e-02,3.169872981077792584e-03,1.830127018922211857e-03
1.339745962155580727e-03,4.330127018922214077e-03,2.500000000000002220e-03
1.366025403784443260e-02,-1.183012701892222074e-02,3.169872981077792584e-03
2.366025403784444148e-02,3.169872981077792584e-03,1.183012701892222074e-02
1.339745962155580727e-03,4.330127018922214077e-03,1.250000000000001110e-02
3.660254037844423713e-03,-6.830127018922216298e-03,1.183012701892222074e-02
1.366025403784443260e-02,1.830127018922184101e-03,-3.169872981077792584e-03
-8.660254037844372643e-03,2.500000000000002220e-03,-4.330127018922214077e-03
3.660254037844423713e-03,-6.830127018922216298e-03,2.183012701892222962e-02
1.366025403784443260e-02,1.830127018922184101e-03,6.830127018922216298e-03
-8.660254037844372643e-03,2.500000000000002220e-03,5.669872981077794805e-03
3.660254037844423713e-03,-1.183012701892219298e-02,6.830127018922216298e-03
1.366025403784443260e-02,3.169872981077792584e-03,-1.830127018922211857e-03
-8.660254037844372643e-03,4.330127018922186322e-03,-2.500000000000002220e-03
3.660254037844423713e-03,-1.183012701892219298e-02,1.683012701892222518e-02
1.366025403784443260e-02,3.169872981077792584e-03,8.169872981077797025e-03
-8.660254037844372643e-03,4.330127018922186322e-03,7.500000000000006661e-03
3.169872981077848095e-03,-1.366025403784440484e-02,-1.830127018922211857e-03
1.183012701892216523e-02,3.660254037844395958e-03,-6.830127018922216298e-03
-7.500000000000006661e-03,5.000000000000004441e-03,4.330127018922214077e-03
3.169872981077848095e-03,-1.366025403784440484e-02,8.169872981077797025e-03
1.183012701892216523e-02,3.660254037844395958e-03,3.169872981077792584e-03
-7.500000000000006661e-03,5.000000000000004441e-03,1.433012701892222296e-02
1.316987298107785698e-02,-1.366025403784440484e-02,-1.830127018922211857e-03
2.183012701892217411e-02,3.660254037844395958e-03,-6.830127018922216298e-03
2.499999999999946709e-03,5.000000000000004441e-03,4.330127018922214077e-03
1.316987298107785698e-02,-1.366025403784440484e-02,8.169872981077797025e-03
2.183012701892217411e-02,3.660254037844395958e-03,3.169872981077792584e-03
2.499999999999946709e-03,5.000000000000004441e-03,1.433012701892222296e-02
-3.169872981077792584e-03,1.366025403784440484e-02,1.830127018922211857e-03
-1.183012701892222074e-02,-3.660254037844368202e-03,6.830127018922216298e-03
7.499999999999951150e-03,-5.000000000000004441e-03,-4.330127018922214077e-03
-3.169872981077792584e-03,1.366025403784440484e-02,1.183012701892222074e-02
-1.183012701892222074e-02,-3.660254037844368202e-03,1.683012701892222518e-02
7.499999999999951150e-03,-5.000000000000004441e-03,5.669872981077794805e-03
6.830127018922160786e-03,1.366025403784440484e-02,1.830127018922211857e-03
-1.830127018922211857e-03,-3.660254037844368202e-03,6.830127018922216298e-03
1.749999999999996003e-02,-5.000000000000004441e-03,-4.330127018922214077e-03
6.830127018922160786e-03,1.366025403784440484e-02,1.183012701892222074e-02
-1.830127018922211857e-03,-3.660254037844368202e-03,1.683012701892222518e-02
1.749999999999996003e-02,-5.000000000000004441e-03,5.669872981077794805e-03
-3.660254037844368202e-03,1.183012701892222074e-02,6.830127018922216298e-03
-1.366025403784437708e-02,-3.169872981077792584e-03,-1.830127018922211857e-03
8.660254037844428154e-03,-4.330127018922214077e-03,-2.500000000000002220e-03
-3.660254037844368202e-03,1.183012701892222074e-02,1.683012701892222518e-02
-1.366025403784437708e-02,-3.169872981077792584e-03,8.169872981077797025e-03
8.660254037844428154e-03,-4.330127018922214077e-03,7.500000000000006661e-03
6.339745962155585168e-03,1.183012701892222074e-02,6.830127018922216298e-03
-3.660254037844368202e-03,-3.169872981077792584e-03,-1.830127018922211857e-03
1.866025403784443704e-02,-4.330127018922214077e-03,-2.500000000000002220e-03
6.339745962155585168e-03,1.183012701892222074e-02,1.683012701892222518e-02
-3.660254037844368202e-03,-3.169872981077792584e-03,8.169872981077797025e-03
1.866025403784443704e-02,-4.330127018922214077e-03,7.500000000000006661e-03
3.169872981077848095e-03,-1.091506350946111481e-02,8.415063509461084834e-03
1.183012701892216523e-02,6.584936490538900733e-03,4.084936490538926268e-03
-7.500000000000006661e-03,2.165063509461107039e-03,-6.250000000000033307e-03
3.169872981077848095e-03,-1.091506350946111481e-02,1.841506350946109372e-02
1.183012701892216523e-02,6.584936490538900733e-03,1.408493649053893515e-02
-7.500000000000006661e-03,2.165063509461107039e-03,3.749999999999975575e-03
1.316987298107785698e-02,-1.091506350946111481e-02,1.841506350946109372e-02
2.183012701892217411e-02,6.584936490538900733e-03,1.408493649053893515e-02
2.499999999999946709e-03,2.165063509461107039e-03,3.749999999999975575e-03
-5.000000000000004441e-03,-2.500000000000002220e-03,-1.299038105676658672e-02
-5.000000000000004441e-03,-1.250000000000001110e-02,4.330127018922214077e-03
5.000000000000004441e-03,7.500000000000006661e-03,4.330127018922214077e-03
-5.000000000000004441e-03,-2.500000000000002220e-03,-2.990381056766577839e-03
-5.000000000000004441e-03,-1.250000000000001110e-02,1.433012701892222296e-02
5.000000000000004441e-03,7.500000000000006661e-03,1.433012701892222296e-02
5.000000000000004441e-03,-2.500000000000002220e-03,-1.299038105676658672e-02
5.000000000000004441e-03,-1.250000000000001110e-02,4.330127018922214077e-03
1.500000000000001332e-02,7.500000000000006661e-03,4.330127018922214077e-03
5.000000000000004441e-03,-2.500000000000002220e-03,-2.990381056766577839e-03
5.000000000000004441e-03,-1.250000000000001110e-02,1.433012701892222296e-02
1.500000000000001332e-02,7.500000000000006661e-03,1.433012701892222296e-02
5.000000000000004441e-03,2.500000000000002220e-03,1.299038105676658672e-02
5.000000000000004441e-03,1.250000000000001110e-02,-4.330127018922214077e-03
-5.000000000000004441e-03,-7.500000000000006661e-03,-4.330127018922214077e-03
5.000000000000004441e-03,2.500000000000002220e-03,2.299038105676659560e-02
5.000000000000004441e-03,1.250000000000001110e-02,5.669872981077794805e-03
-5.000000000000004441e-03,-7.500000000000006661e-03,5.669872981077794805e-03
1.500000000000001332e-02,2.500000000000002220e-03,1.299038105676658672e-02
1.500000000000001332e-02,1.250000000000001110e-02,-4.330127018922214077e-03
5.000000000000004441e-03,-7.500000000000006661e-03,-4.330127018922214077e-03
1.500000000000001332e-02,2.500000000000002220e-03,2.299038105676659560e-02
1.500000000000001332e-02,1.250000000000001110e-02,5.669872981077794805e-03
5.000000000000004441e-03,-7.500000000000006661e-03,5.669872981077794805e-03
2.000000000000001776e-02,1.000000000000000888e-02,0.000000000000000000e+00
0.000000000000000000e+00,1.000000000000000888e-02,0.000000000000000000e+00
1.000000000000000888e-02,-1.000000000000000888e-02,0.000000000000000000e+00
2.000000000000001776e-02,1.000000000000000888e-02,1.000000000000000888e-02
0.000000000000000000e+00,1.000000000000000888e-02,1.000000000000000888e-02
1.000000000000000888e-02,-1.000000000000000888e-02,1.000000000000000888e-02
1.000000000000000888e-02,8.660254037844372643e-03,1.500000000000001332e-02
-1.000000000000000888e-02,8.660254037844372643e-03,1.500000000000001332e-02
0.000000000000000000e+00,-8.660254037844372643e-03,5.000000000000004441e-03
2.000000000000001776e-02,8.660254037844372643e-03,1.500000000000001332e-02
0.000000000000000000e+00,8.660254037844372643e-03,1.500000000000001332e-02
1.000000000000000888e-02,-8.660254037844372643e-03,5.000000000000004441e-03
1.000000000000000888e-02,8.660254037844372643e-03,5.000000000000004441e-03
-1.000000000000000888e-02,8.660254037844372643e-03,5.000000000000004441e-03
0.000000000000000000e+00,-8.660254037844372643e-03,1.500000000000001332e-02
2.000000000000001776e-02,8.660254037844372643e-03,5.000000000000004441e-03
0.000000000000000000e+00,8.660254037844372643e-03,5.000000000000004441e-03
1.000000000000000888e-02,-8.660254037844372643e-03,1.500000000000001332e-02
8.660254037844428154e-03,1.000000000000000888e-02,-5.000000000000004441e-03
-8.660254037844372643e-03,1.000000000000000888e-02,5.000000000000004441e-03
0.000000000000000000e+00,-1.000000000000000888e-02,0.000000000000000000e+00
8.660254037844428154e-03,1.000000000000000888e-02,5.000000000000004441e-03
-8.660254037844372643e-03,1.000000000000000888e-02,1.500000000000001332e-02
0.000000000000000000e+00,-1.000000000000000888e-02,1.000000000000000888e-02
1.866025403784443704e-02,1.000000000000000888e-02,-5.000000000000004441e-03
1.339745962155580727e-03,1.000000000000000888e-02,5.000000000000004441e-03
1.000000000000000888e-02,-1.000000000000000888e-02,0.000000000000000000e+00
1.866025403784443704e-02,1.000000000000000888e-02,5.000000000000004441e-03
1.339745962155580727e-03,1.000000000000000888e-02,1.500000000000001332e-02
1.000000000000000888e-02,-1.000000000000000888e-02,1.000000000000000888e-02
8.660254037844428154e-03,1.000000000000000888e-02,-5.000000000000004441e-03
-8.660254037844428154e-03,1.000000000000000888e-02,5.000000000000004441e-03
0.000000000000000000e+00,-1.000000000000000888e-02,0.000000000000000000e+00
8.660254037844428154e-03,1.000000000000000888e-02,5.000000000000004441e-03
-8.660254037844428154e-03,1.000000000000000888e-02,1.500000000000001332e-02
0.000000000000000000e+00,-1.000000000000000888e-02,1.000000000000000888e-02
1.866025403784443704e-02,1.000000000000000888e-02,-5.000000000000004441e-03
1.339745962155580727e-03,1.000000000000000888e-02,5.000000000000004441e-03
1.000000000000000888e-02,-1.000000000000000888e-02,0.000000000000000000e+00
1.866025403784443704e-02,1.000000000000000888e-02,5.000000000000004441e-03
1.339745962155580727e-03,1.000000000000000888e-02,1.500000000000001332e-02
1.000000000000000888e-02,-1.000000000000000888e-02,1.000000000000000888e-02
8.660254037844428154e-03,1.000000000000000888e-02,-5.000000000000004441e-03
-8.660254037844372643e-03,1.000000000000000888e-02,5.000000000000004441e-03
0.000000000000000000e+00,-1.000000000000000888e-02,0.000000000000000000e+00
1.866025403784443704e-02,1.000000000000000888e-02,-5.000000000000004441e-03
1.339745962155580727e-03,1.000000000000000888e-02,5.000000000000004441e-03
1.000000000000000888e-02,-1.000000000000000888e-02,0.000000000000000000e+00
1.866025403784443704e-02,1.000000000000000888e-02,5.000000000000004441e-03
1.339745962155580727e-03,1.000000000000000888e-02,1.500000000000001332e-02
1.000000000000000888e-02,-1.000000000000000888e-02,1.000000000000000888e-02
-8.660254037844372643e-03,-1.000000000000000888e-02,5.000000000000004441e-03
8.660254037844428154e-03,-1.000000000000000888e-02,-5.000000000000004441e-03
0.000000000000000000e+00,1.000000000000000888e-02,0.000000000000000000e+00
1.339745962155580727e-03,-1.000000000000000888e-02,5.000000000000004441e-03
1.866025403784443704e-02,-1.000000000000000888e-02,-5.000000000000004441e-03
1.000000000000000888e-02,1.000000000000000888e-02,0.000000000000000000e+00
8.660254037844428154e-03,1.000000000000000888e-02,-5.000000000000004441e-03
-8.660254037844372643e-03,1.000000000000000888e-02,5.000000000000004441e-03
0.000000000000000000e+00,-1.000000000000000888e-02,0.000000000000000000e+00
8.660254037844428154e-03,1.000000000000000888e-02,5.000000000000004441e-03
-8.660254037844372643e-03,1.000000000000000888e-02,1.500000000000001332e-02
0.000000000000000000e+00,-1.000000000000000888e-02,1.000000000000000888e-02
-1.000000000000000888e-02,-8.660254037844400399e-03,1.500000000000001332e-02
1.000000000000000888e-02,-8.660254037844400399e-03,1.500000000000001332e-02
0.000000000000000000e+00,8.660254037844400399e-03,5.000000000000004441e-03
8.660254037844428154e-03,1.000000000000000888e-02,-5.000000000000004441e-03
-8.660254037844372643e-03,1.000000000000000888e-02,5.000000000000004441e-03
0.000000000000000000e+00,-1.000000000000000888e-02,0.000000000000000000e+00
1.866025403784443704e-02,1.000000000000000888e-02,-5.000000000000004441e-03
1.339745962155580727e-03,1.000000000000000888e-02,5.000000000000004441e-03
1.000000000000000888e-02,-1.000000000000000888e-02,0.000000000000000000e+00
-8.660254037844372643e-03,-1.000000000000000888e-02,5.000000000000004441e-03
8.660254037844428154e-03,-1.000000000000000888e-02,-5.000000000000004441e-03
0.000000000000000000e+00,1.000000000000000888e-02,0.000000000000000000e+00
-8.660254037844372643e-03,-1.000000000000000888e-02,1.500000000000001332e-02
8.660254037844428154e-03,-1.000000000000000888e-02,5.000000000000004441e-03
0.000000000000000000e+00,1.000000000000000888e-02,1.000000000000000888e-02
1.000000000000000888e-02,8.660254037844400399e-03,5.000000000000004441e-03
-1.000000000000000888e-02,8.660254037844400399e-03,5.000000000000004441e-03
0.000000000000000000e+00,-8.660254037844400399e-03,1.500000000000001332e-02
2.000000000000001776e-02,1.000000000000006439e-02,0.000000000000000000e+00
0.000000000000000000e+00,1.000000000000006439e-02,0.000000000000000000e+00
1.000000000000000888e-02,-9.999999999999953371e-03,0.000000000000000000e+00
2.000000000000001776e-02,1.000000000000006439e-02,1.000000000000000888e-02
0.000000000000000000e+00,1.000000000000006439e-02,1.000000000000000888e-02
1.000000000000000888e-02,-9.999999999999953371e-03,1.000000000000000888e-02
0.000000000000000000e+00,-9.999999999999953371e-03,1.000000000000000888e-02
2.000000000000001776e-02,-9.999999999999953371e-03,1.000000000000000888e-02
1.000000000000000888e-02,1.000000000000006439e-02,1.000000000000000888e-02
-1.366025403784437708e-02,-8.169872981077783147e-03,1.316987298107780147e-02
-3.660254037844368202e-03,-1.683012701892221130e-02,-1.830127018922211857e-03
8.660254037844428154e-03,-7.499999999999992784e-03,1.433012701892222296e-02
-1.341506350946108928e-02,1.830127018922225735e-03,5.915063509461082614e-03
2.745190528383290030e-03,-6.830127018922202420e-03,-2.075317547305499666e-03
5.334936490538955134e-03,2.500000000000016098e-03,1.808012701892219853e-02
-1.341506350946108928e-02,-8.169872981077783147e-03,5.915063509461082614e-03
2.745190528383290030e-03,-1.683012701892221130e-02,-2.075317547305499666e-03
5.334936490538955134e-03,-7.499999999999992784e-03,1.808012701892219853e-02
-3.660254037844368202e-03,-6.830127018922202420e-03,-1.830127018922211857e-03
1.366025403784432157e-02,-1.830127018922197979e-03,6.830127018922160786e-03
-5.000000000000004441e-03,4.330127018922227955e-03,1.750000000000001554e-02
-1.341506350946108928e-02,1.830127018922225735e-03,5.915063509461082614e-03
2.745190528383290030e-03,-6.830127018922202420e-03,-2.075317547305499666e-03
5.334936490538955134e-03,2.500000000000016098e-03,1.808012701892219853e-02
-1.341506350946108928e-02,-8.169872981077783147e-03,5.915063509461082614e-03
2.745190528383290030e-03,-1.683012701892221130e-02,-2.075317547305499666e-03
5.334936490538955134e-03,-7.499999999999992784e-03,1.808012701892219853e-02
-3.660254037844368202e-03,-6.830127018922202420e-03,-1.830127018922211857e-03
1.366025403784432157e-02,-1.830127018922197979e-03,6.830127018922160786e-03
-5.000000000000004441e-03,4.330127018922227955e-03,1.750000000000001554e-02
6.339745962155696191e-03,-6.830127018922202420e-03,-1.830127018922211857e-03
2.366025403784433045e-02,-1.830127018922197979e-03,6.830127018922160786e-03
5.000000000000004441e-03,4.330127018922227955e-03,1.750000000000001554e-02
-1.341506350946108928e-02,1.830127018922225735e-03,5.915063509461082614e-03
2.745190528383290030e-03,-6.830127018922202420e-03,-2.075317547305499666e-03
5.334936490538955134e-03,2.500000000000016098e-03,1.808012701892219853e-02
-1.341506350946108928e-02,-8.169872981077783147e-03,5.915063509461082614e-03
2.745190528383290030e-03,-1.683012701892221130e-02,-2.075317547305499666e-03
5.334936490538955134e-03,-7.499999999999992784e-03,1.808012701892219853e-02
-3.660254037844368202e-03,-6.830127018922202420e-03,-1.830127018922211857e-03
1.366025403784432157e-02,-1.830127018922197979e-03,6.830127018922160786e-03
-5.000000000000004441e-03,4.330127018922227955e-03,1.750000000000001554e-02
6.339745962155696191e-03,-6.830127018922202420e-03,-1.830127018922211857e-03
2.366025403784433045e-02,-1.830127018922197979e-03,6.830127018922160786e-03
5.000000000000004441e-03,4.330127018922227955e-03,1.750000000000001554e-02
-1.341506350946108928e-02,1.830127018922225735e-03,5.915063509461082614e-03
2.745190528383290030e-03,-6.830127018922202420e-03,-2.075317547305499666e-03
5.334936490538955134e-03,2.500000000000016098e-03,1.808012701892219853e-02
-1.341506350946108928e-02,-8.169872981077783147e-03,5.915063509461082614e-03
2.745190528383290030e-03,-1.683012701892221130e-02,-2.075317547305499666e-03
5.334936490538955134e-03,-7.499999999999992784e-03,1.808012701892219853e-02
-3.660254037844368202e-03,-6.830127018922202420e-03,-1.830127018922211857e-03
1.366025403784432157e-02,-1.830127018922197979e-03,6.830127018922160786e-03
-5.000000000000004441e-03,4.330127018922227955e-03,1.750000000000001554e-02
6.339745962155696191e-03,-6.830127018922202420e-03,-1.830127018922211857e-03
2.366025403784433045e-02,-1.830127018922197979e-03,6.830127018922160786e-03
5.000000000000004441e-03,4.330127018922227955e-03,1.750000000000001554e-02
2.000000000000001776e-02,1.000000000000002276e-02,0.000000000000000000e+00
0.000000000000000000e+00,1.000000000000002276e-02,0.000000000000000000e+00
1.000000000000000888e-02,-9.999999999999995004e-03,0.000000000000000000e+00
2.000000000000001776e-02,1.000000000000002276e-02,1.000000000000000888e-02
0.000000000000000000e+00,1.000000000000002276e-02,1.000000000000000888e-02
1.000000000000000888e-02,-9.999999999999995004e-03,1.000000000000000888e-02
-1.250000000000006661e-02,-4.330127018922200199e-03,5.000000000000004441e-03
2.499999999999946709e-03,-1.299038105676657284e-02,-5.000000000000004441e-03
5.000000000000004441e-03,8.660254037844386521e-03,0.000000000000000000e+00
0.000000000000000000e+00,-9.999999999999995004e-03,0.000000000000000000e+00
2.000000000000001776e-02,-9.999999999999995004e-03,0.000000000000000000e+00
1.000000000000000888e-02,1.000000000000002276e-02,0.000000000000000000e+00
-1.000000000000000888e-02,-9.999999999999995004e-03,1.000000000000000888e-02
1.000000000000000888e-02,-9.999999999999995004e-03,1.000000000000000888e-02
0.000000000000000000e+00,1.000000000000002276e-02,1.000000000000000888e-02
0.000000000000000000e+00,-9.999999999999995004e-03,1.000000000000000888e-02
2.000000000000001776e-02,-9.999999999999995004e-03,1.000000000000000888e-02
1.000000000000000888e-02,1.000000000000002276e-02,1.000000000000000888e-02
9.575317547305450816e-03,1.024519052838331057e-02,-1.830127018922211857e-03
-8.415063509461084834e-03,9.084936490538944587e-03,6.830127018922216298e-03
-5.801270189221829909e-04,-9.665063509461099822e-03,-2.500000000000002220e-03
-1.341506350946108928e-02,5.915063509461110369e-03,-1.830127018922211857e-03
2.745190528383290030e-03,-2.075317547305485788e-03,6.830127018922216298e-03
5.334936490538955134e-03,1.808012701892221241e-02,-2.500000000000002220e-03
-1.341506350946108928e-02,5.915063509461110369e-03,8.169872981077797025e-03
2.745190528383290030e-03,-2.075317547305485788e-03,1.683012701892222518e-02
5.334936490538955134e-03,1.808012701892221241e-02,7.500000000000006661e-03
-3.660254037844423713e-03,-1.183012701892218604e-02,6.830127018922216298e-03
1.366025403784443260e-02,-3.169872981077792584e-03,1.830127018922211857e-03
-5.000000000000004441e-03,7.500000000000020539e-03,-4.330127018922214077e-03
-3.660254037844423713e-03,-1.830127018922184101e-03,6.830127018922216298e-03
1.366025403784443260e-02,6.830127018922202420e-03,1.830127018922211857e-03
-5.000000000000004441e-03,1.750000000000001554e-02,-4.330127018922214077e-03
6.339745962155585168e-03,-1.830127018922184101e-03,6.830127018922216298e-03
2.366025403784444148e-02,6.830127018922202420e-03,1.830127018922211857e-03
5.000000000000004441e-03,1.750000000000001554e-02,-4.330127018922214077e-03
2.000000000000001776e-02,1.000000000000002276e-02,0.000000000000000000e+00
0.000000000000000000e+00,1.000000000000002276e-02,0.000000000000000000e+00
1.000000000000000888e-02,-9.999999999999995004e-03,0.000000000000000000e+00
2.000000000000001776e-02,1.000000000000002276e-02,1.000000000000000888e-02
0.000000000000000000e+00,1.000000000000002276e-02,1.000000000000000888e-02
1.000000000000000888e-02,-9.999999999999995004e-03,1.000000000000000888e-02
-1.250000000000006661e-02,-4.330127018922200199e-03,5.000000000000004441e-03
2.499999999999946709e-03,-1.299038105676657284e-02,-5.000000000000004441e-03
5.000000000000004441e-03,8.660254037844386521e-03,0.000000000000000000e+00
0.000000000000000000e+00,-9.999999999999995004e-03,0.000000000000000000e+00
2.000000000000001776e-02,-9.999999999999995004e-03,0.000000000000000000e+00
1.000000000000000888e-02,1.000000000000002276e-02,0.000000000000000000e+00
-1.000000000000000888e-02,-9.999999999999995004e-03,1.000000000000000888e-02
1.000000000000000888e-02,-9.999999999999995004e-03,1.000000000000000888e-02
0.000000000000000000e+00,1.000000000000002276e-02,1.000000000000000888e-02
0.000000000000000000e+00,-9.999999999999995004e-03,1.000000000000000888e-02
2.000000000000001776e-02,-9.999999999999995004e-03,1.000000000000000888e-02
1.000000000000000888e-02,1.000000000000002276e-02,1.000000000000000888e-02
9.575317547305450816e-03,1.024519052838331057e-02,-1.830127018922211857e-03
-8.415063509461084834e-03,9.084936490538944587e-03,6.830127018922216298e-03
-5.801270189221829909e-04,-9.665063509461099822e-03,-2.500000000000002220e-03
-1.341506350946108928e-02,5.915063509461110369e-03,-1.830127018922211857e-03
2.745190528383290030e-03,-2.075317547305485788e-03,6.830127018922216298e-03
5.334936490538955134e-03,1.808012701892221241e-02,-2.500000000000002220e-03
-1.341506350946108928e-02,5.915063509461110369e-03,8.169872981077797025e-03
2.745190528383290030e-03,-2.075317547305485788e-03,1.683012701892222518e-02
5.334936490538955134e-03,1.808012701892221241e-02,7.500000000000006661e-03
-3.660254037844423713e-03,-1.183012701892218604e-02,6.830127018922216298e-03
1.366025403784443260e-02,-3.169872981077792584e-03,1.830127018922211857e-03
-5.000000000000004441e-03,7.500000000000020539e-03,-4.330127018922214077e-03
-3.660254037844423713e-03,-1.830127018922184101e-03,6.830127018922216298e-03
1.366025403784443260e-02,6.830127018922202420e-03,1.830127018922211857e-03
-5.000000000000004441e-03,1.750000000000001554e-02,-4.330127018922214077e-03
6.339745962155585168e-03,-1.183012701892218604e-02,6.830127018922216298e-03
2.366025403784444148e-02,-3.169872981077792584e-03,1.830127018922211857e-03
5.000000000000004441e-03,7.500000000000020539e-03,-4.330127018922214077e-03
6.339745962155585168e-03,-1.830127018922184101e-03,6.830127018922216298e-03
2.366025403784444148e-02,6.830127018922202420e-03,1.830127018922211857e-03
5.000000000000004441e-03,1.750000000000001554e-02,-4.330127018922214077e-03
2.000000000000001776e-02,1.000000000000002276e-02,0.000000000000000000e+00
0.000000000000000000e+00,1.000000000000002276e-02,0.000000000000000000e+00
1.000000000000000888e-02,-9.999999999999995004e-03,0.000000000000000000e+00
2.000000000000001776e-02,1.000000000000002276e-02,1.000000000000000888e-02
0.000000000000000000e+00,1.000000000000002276e-02,1.000000000000000888e-02
1.000000000000000888e-02,-9.999999999999995004e-03,1.000000000000000888e-02
-1.250000000000006661e-02,-4.330127018922200199e-03,5.000000000000004441e-03
2.499999999999946709e-03,-1.299038105676657284e-02,-5.000000000000004441e-03
5.000000000000004441e-03,8.660254037844386521e-03,0.000000000000000000e+00
0.000000000000000000e+00,-9.999999999999995004e-03,0.000000000000000000e+00
2.000000000000001776e-02,-9.999999999999995004e-03,0.000000000000000000e+00
1.000000000000000888e-02,1.000000000000002276e-02,0.000000000000000000e+00
-1.000000000000000888e-02,-9.999999999999995004e-03,1.000000000000000888e-02
1.000000000000000888e-02,-9.999999999999995004e-03,1.000000000000000888e-02
0.000000000000000000e+00,1.000000000000002276e-02,1.000000000000000888e-02
0.000000000000000000e+00,-9.999999999999995004e-03,1.000000000000000888e-02
2.000000000000001776e-02,-9.999999999999995004e-03,1.000000000000000888e-02
1.000000000000000888e-02,1.000000000000002276e-02,1.000000000000000888e-02
9.575317547305450816e-03,1.024519052838331057e-02,-1.830127018922211857e-03
-8.415063509461084834e-03,9.084936490538944587e-03,6.830127018922216298e-03
-5.801270189221829909e-04,-9.665063509461099822e-03,-2.500000000000002220e-03
-1.341506350946108928e-02,5.915063509461110369e-03,-1.830127018922211857e-03
2.745190528383290030e-03,-2.075317547305485788e-03,6.830127018922216298e-03
5.334936490538955134e-03,1.808012701892221241e-02,-2.500000000000002220e-03
-1.341506350946108928e-02,5.915063509461110369e-03,8.169872981077797025e-03
2.745190528383290030e-03,-2.075317547305485788e-03,1.683012701892222518e-02
5.334936490538955134e-03,1.808012701892221241e-02,7.500000000000006661e-03
-3.660254037844423713e-03,-1.183012701892218604e-02,6.830127018922216298e-03
1.366025403784443260e-02,-3.169872981077792584e-03,1.830127018922211857e-03
-5.000000000000004441e-03,7.500000000000020539e-03,-4.330127018922214077e-03
-3.660254037844423713e-03,-1.830127018922184101e-03,6.830127018922216298e-03
1.366025403784443260e-02,6.830127018922202420e-03,1.830127018922211857e-03
-5.000000000000004441e-03,1.750000000000001554e-02,-4.330127018922214077e-03
6.339745962155585168e-03,-1.183012701892218604e-02,6.830127018922216298e-03
2.366025403784444148e-02,-3.169872981077792584e-03,1.830127018922211857e-03
5.000000000000004441e-03,7.500000000000020539e-03,-4.330127018922214077e-03
6.339745962155585168e-03,-1.830127018922184101e-03,6.830127018922216298e-03
2.366025403784444148e-02,6.830127018922202420e-03,1.830127018922211857e-03
5.000000000000004441e-03,1.750000000000001554e-02,-4.330127018922214077e-03
2.000000000000001776e-02,1.000000000000002276e-02,0.000000000000000000e+00
0.000000000000000000e+00,1.000000000000002276e-02,0.000000000000000000e+00
1.000000000000000888e-02,-9.999999999999995004e-03,0.000000000000000000e+00
2.000000000000001776e-02,1.000000000000002276e-02,1.000000000000000888e-02
0.000000000000000000e+00,1.000000000000002276e-02,1.000000000000000888e-02
1.000000000000000888e-02,-9.999999999999995004e-03,1.000000000000000888e-02
-1.250000000000006661e-02,-4.330127018922200199e-03,5.000000000000004441e-03
2.499999999999946709e-03,-1.299038105676657284e-02,-5.000000000000004441e-03
5.000000000000004441e-03,8.660254037844386521e-03,0.000000000000000000e+00
0.000000000000000000e+00,-9.999999999999995004e-03,0.000000000000000000e+00
2.000000000000001776e-02,-9.999999999999995004e-03,0.000000000000000000e+00
1.000000000000000888e-02,1.000000000000002276e-02,0.000000000000000000e+00
-1.000000000000000888e-02,-9.999999999999995004e-03,1.000000000000000888e-02
1.000000000000000888e-02,-9.999999999999995004e-03,1.000000000000000888e-02
0.000000000000000000e+00,1.000000000000002276e-02,1.000000000000000888e-02
0.000000000000000000e+00,-9.999999999999995004e-03,1.000000000000000888e-02
2.000000000000001776e-02,-9.999999999999995004e-03,1.000000000000000888e-02
1.000000000000000888e-02,1.000000000000002276e-02,1.000000000000000888e-02
9.575317547305450816e-03,1.024519052838331057e-02,-1.830127018922211857e-03
-8.415063509461084834e-03,9.084936490538944587e-03,6.830127018922216298e-03
-5.801270189221829909e-04,-9.665063509461099822e-03,-2.500000000000002220e-03
-1.341506350946108928e-02,5.915063509461110369e-03,-1.830127018922211857e-03
2.745190528383290030e-03,-2.075317547305485788e-03,6.830127018922216298e-03
5.334936490538955134e-03,1.808012701892221241e-02,-2.500000000000002220e-03
-1.341506350946108928e-02,5.915063509461110369e-03,8.169872981077797025e-03
2.745190528383290030e-03,-2.075317547305485788e-03,1.683012701892222518e-02
5.334936490538955134e-03,1.808012701892221241e-02,7.500000000000006661e-03
-3.169872981077737073e-03,-9.150635094610920506e-04,8.415063509461084834e-03
1.183012701892216523e-02,3.415063509461094271e-03,-4.084936490538926268e-03
-4.330127018922214077e-03,1.875000000000001665e-02,-2.165063509461107039e-03
6.339745962155585168e-03,-1.183012701892218604e-02,6.830127018922216298e-03
2.366025403784444148e-02,-3.169872981077792584e-03,1.830127018922211857e-03
5.000000000000004441e-03,7.500000000000020539e-03,-4.330127018922214077e-03
6.339745962155585168e-03,-1.830127018922184101e-03,6.830127018922216298e-03
2.366025403784444148e-02,6.830127018922202420e-03,1.830127018922211857e-03
5.000000000000004441e-03,1.750000000000001554e-02,-4.330127018922214077e-03
2.000000000000001776e-02,1.000000000000006439e-02,0.000000000000000000e+00
0.000000000000000000e+00,1.000000000000006439e-02,0.000000000000000000e+00
1.000000000000000888e-02,-9.999999999999953371e-03,0.000000000000000000e+00
2.000000000000001776e-02,1.000000000000006439e-02,1.000000000000000888e-02
0.000000000000000000e+00,1.000000000000006439e-02,1.000000000000000888e-02
1.000000000000000888e-02,-9.999999999999953371e-03,1.000000000000000888e-02
-1.250000000000006661e-02,-4.330127018922158566e-03,5.000000000000004441e-03
2.499999999999946709e-03,-1.299038105676653121e-02,-5.000000000000004441e-03
5.000000000000004441e-03,8.660254037844428154e-03,0.000000000000000000e+00
0.000000000000000000e+00,-9.999999999999953371e-03,0.000000000000000000e+00
2.000000000000001776e-02,-9.999999999999953371e-03,0.000000000000000000e+00
1.000000000000000888e-02,1.000000000000006439e-02,0.000000000000000000e+00
-1.000000000000000888e-02,-9.999999999999953371e-03,1.000000000000000888e-02
1.000000000000000888e-02,-9.999999999999953371e-03,1.000000000000000888e-02
0.000000000000000000e+00,1.000000000000006439e-02,1.000000000000000888e-02
0.000000000000000000e+00,-9.999999999999953371e-03,1.000000000000000888e-02
2.000000000000001776e-02,-9.999999999999953371e-03,1.000000000000000888e-02
1.000000000000000888e-02,1.000000000000006439e-02,1.000000000000000888e-02
9.575317547305450816e-03,1.024519052838335220e-02,-1.830127018922211857e-03
-8.415063509461084834e-03,9.084936490538986220e-03,6.830127018922216298e-03
-5.801270189221829909e-04,-9.665063509461058189e-03,-2.500000000000002220e-03
1.341506350946108928e-02,-5.915063509461027103e-03,-1.830127018922211857e-03
-2.745190528383290030e-03,2.075317547305555177e-03,6.830127018922216298e-03
-5.334936490538955134e-03,-1.808012701892214302e-02,-2.500000000000002220e-03
1.341506350946108928e-02,-5.915063509461027103e-03,8.169872981077797025e-03
-2.745190528383290030e-03,2.075317547305555177e-03,1.683012701892222518e-02
-5.334936490538844112e-03,-1.808012701892214302e-02,7.500000000000006661e-03
3.660254037844312691e-03,1.183012701892224849e-02,6.830127018922216298e-03
-1.366025403784443260e-02,3.169872981077848095e-03,1.830127018922211857e-03
5.000000000000004441e-03,-7.499999999999951150e-03,-4.330127018922214077e-03
-3.660254037844423713e-03,-6.830127018922160786e-03,-1.830127018922211857e-03
1.366025403784443260e-02,-1.830127018922156346e-03,6.830127018922160786e-03
-5.000000000000004441e-03,4.330127018922269588e-03,1.750000000000001554e-02
-6.339745962155696191e-03,1.183012701892224849e-02,6.830127018922216298e-03
-2.366025403784444148e-02,3.169872981077848095e-03,1.830127018922211857e-03
-5.000000000000004441e-03,-7.499999999999951150e-03,-4.330127018922214077e-03
6.339745962155585168e-03,-6.830127018922160786e-03,-1.830127018922211857e-03
2.366025403784444148e-02,-1.830127018922156346e-03,6.830127018922160786e-03
5.000000000000004441e-03,4.330127018922269588e-03,1.750000000000001554e-02
2.000000000000001776e-02,1.000000000000006439e-02,0.000000000000000000e+00
0.000000000000000000e+00,1.000000000000006439e-02,0.000000000000000000e+00
1.000000000000000888e-02,-9.999999999999953371e-03,0.000000000000000000e+00
2.000000000000001776e-02,1.000000000000006439e-02,1.000000000000000888e-02
0.000000000000000000e+00,1.000000000000006439e-02,1.000000000000000888e-02
1.000000000000000888e-02,-9.999999999999953371e-03,1.000000000000000888e-02
-1.250000000000006661e-02,-4.330127018922158566e-03,5.000000000000004441e-03
2.499999999999946709e-03,-1.299038105676653121e-02,-5.000000000000004441e-03
5.000000000000004441e-03,8.660254037844428154e-03,0.000000000000000000e+00
0.000000000000000000e+00,-9.999999999999953371e-03,0.000000000000000000e+00
2.000000000000001776e-02,-9.999999999999953371e-03,0.000000000000000000e+00
1.000000000000000888e-02,1.000000000000006439e-02,0.000000000000000000e+00
-1.000000000000000888e-02,-9.999999999999953371e-03,1.000000000000000888e-02
1.000000000000000888e-02,-9.999999999999953371e-03,1.000000000000000888e-02
0.000000000000000000e+00,1.000000000000006439e-02,1.000000000000000888e-02
0.000000000000000000e+00,-9.999999999999953371e-03,1.000000000000000888e-02
2.000000000000001776e-02,-9.999999999999953371e-03,1.000000000000000888e-02
1.000000000000000888e-02,1.000000000000006439e-02,1.000000000000000888e-02
9.575317547305450816e-03,1.024519052838335220e-02,-1.830127018922211857e-03
-8.415063509461084834e-03,9.084936490538986220e-03,6.830127018922216298e-03
-5.801270189221829909e-04,-9.665063509461058189e-03,-2.500000000000002220e-03
1.341506350946108928e-02,-5.915063509461027103e-03,-1.830127018922211857e-03
-2.745190528383290030e-03,2.075317547305555177e-03,6.830127018922216298e-03
-5.334936490538955134e-03,-1.808012701892214302e-02,-2.500000000000002220e-03
1.341506350946108928e-02,-5.915063509461027103e-03,8.169872981077797025e-03
-2.745190528383290030e-03,2.075317547305555177e-03,1.683012701892222518e-02
-5.334936490538844112e-03,-1.808012701892214302e-02,7.500000000000006661e-03
3.660254037844312691e-03,1.183012701892224849e-02,6.830127018922216298e-03
-1.366025403784443260e-02,3.169872981077848095e-03,1.830127018922211857e-03
5.000000000000004441e-03,-7.499999999999951150e-03,-4.330127018922214077e-03
-3.660254037844423713e-03,-6.830127018922160786e-03,-1.830127018922211857e-03
1.366025403784443260e-02,-1.830127018922156346e-03,6.830127018922160786e-03
-5.000000000000004441e-03,4.330127018922269588e-03,1.750000000000001554e-02
-6.339745962155696191e-03,1.183012701892224849e-02,6.830127018922216298e-03
-2.366025403784444148e-02,3.169872981077848095e-03,1.830127018922211857e-03
-5.000000000000004441e-03,-7.499999999999951150e-03,-4.330127018922214077e-03
6.339745962155585168e-03,-6.830127018922160786e-03,-1.830127018922211857e-03
2.366025403784444148e-02,-1.830127018922156346e-03,6.830127018922160786e-03
5.000000000000004441e-03,4.330127018922269588e-03,1.750000000000001554e-02
2.000000000000001776e-02,1.000000000000006439e-02,0.000000000000000000e+00
0.000000000000000000e+00,1.000000000000006439e-02,0.000000000000000000e+00
1.000000000000000888e-02,-9.999999999999953371e-03,0.000000000000000000e+00
2.000000000000001776e-02,1.000000000000006439e-02,1.000000000000000888e-02
0.000000000000000000e+00,1.000000000000006439e-02,1.000000000000000888e-02
1.000000000000000888e-02,-9.999999999999953371e-03,1.000000000000000888e-02
-1.250000000000006661e-02,-4.330127018922158566e-03,5.000000000000004441e-03
2.499999999999946709e-03,-1.299038105676653121e-02,-5.000000000000004441e-03
5.000000000000004441e-03,8.660254037844428154e-03,0.000000000000000000e+00
0.000000000000000000e+00,-9.999999999999953371e-03,0.000000000000000000e+00
2.000000000000001776e-02,-9.999999999999953371e-03,0.000000000000000000e+00
1.000000000000000888e-02,1.000000000000006439e-02,0.000000000000000000e+00
-1.000000000000000888e-02,-9.999999999999953371e-03,1.000000000000000888e-02
1.000000000000000888e-02,-9.999999999999953371e-03,1.000000000000000888e-02
0.000000000000000000e+00,1.000000000000006439e-02,1.000000000000000888e-02
0.000000000000000000e+00,-9.999999999999953371e-03,1.000000000000000888e-02
2.000000000000001776e-02,-9.999999999999953371e-03,1.000000000000000888e-02
1.000000000000000888e-02,1.000000000000006439e-02,1.000000000000000888e-02
9.575317547305450816e-03,1.024519052838335220e-02,-1.830127018922211857e-03
-8.415063509461084834e-03,9.084936490538986220e-03,6.830127018922216298e-03
-5.801270189221829909e-04,-9.665063509461058189e-03,-2.500000000000002220e-03
1.341506350946108928e-02,-5.915063509461027103e-03,-1.830127018922211857e-03
-2.745190528383290030e-03,2.075317547305555177e-03,6.830127018922216298e-03
-5.334936490538955134e-03,-1.808012701892214302e-02,-2.500000000000002220e-03
1.341506350946108928e-02,-5.915063509461027103e-03,8.169872981077797025e-03
-2.745190528383290030e-03,2.075317547305555177e-03,1.683012701892222518e-02
-5.334936490538844112e-03,-1.808012701892214302e-02,7.500000000000006661e-03
3.660254037844312691e-03,1.183012701892224849e-02,6.830127018922216298e-03
-1.366025403784443260e-02,3.169872981077848095e-03,1.830127018922211857e-03
5.000000000000004441e-03,-7.499999999999951150e-03,-4.330127018922214077e-03
-3.660254037844423713e-03,-6.830127018922160786e-03,-1.830127018922211857e-03
1.366025403784443260e-02,-1.830127018922156346e-03,6.830127018922160786e-03
-5.000000000000004441e-03,4.330127018922269588e-03,1.750000000000001554e-02
-6.339745962155696191e-03,1.183012701892224849e-02,6.830127018922216298e-03
-2.366025403784444148e-02,3.169872981077848095e-03,1.830127018922211857e-03
-5.000000000000004441e-03,-7.499999999999951150e-03,-4.330127018922214077e-03
6.339745962155585168e-03,-6.830127018922160786e-03,-1.830127018922211857e-03
2.366025403784444148e-02,-1.830127018922156346e-03,6.830127018922160786e-03
5.000000000000004441e-03,4.330127018922269588e-03,1.750000000000001554e-02
2.000000000000001776e-02,1.000000000000006439e-02,0.000000000000000000e+00
0.000000000000000000e+00,1.000000000000006439e-02,0.000000000000000000e+00
1.000000000000000888e-02,-9.999999999999953371e-03,0.000000000000000000e+00
2.000000000000001776e-02,1.000000000000006439e-02,1.000000000000000888e-02
0.000000000000000000e+00,1.000000000000006439e-02,1.000000000000000888e-02
1.000000000000000888e-02,-9.999999999999953371e-03,1.000000000000000888e-02
-1.250000000000006661e-02,-4.330127018922158566e-03,5.000000000000004441e-03
2.499999999999946709e-03,-1.299038105676653121e-02,-5.000000000000004441e-03
5.000000000000004441e-03,8.660254037844428154e-03,0.000000000000000000e+00
0.000000000000000000e+00,-9.999999999999953371e-03,0.000000000000000000e+00
2.000000000000001776e-02,-9.999999999999953371e-03,0.000000000000000000e+00
1.000000000000000888e-02,1.000000000000006439e-02,0.000000000000000000e+00
0.000000000000000000e+00,-9.999999999999953371e-03,1.000000000000000888e-02
2.000000000000001776e-02,-9.999999999999953371e-03,1.000000000000000888e-02
1.000000000000000888e-02,1.000000000000006439e-02,1.000000000000000888e-02
9.575317547305450816e-03,1.024519052838335220e-02,-1.830127018922211857e-03
-8.415063509461084834e-03,9.084936490538986220e-03,6.830127018922216298e-03
-5.801270189221829909e-04,-9.665063509461058189e-03,-2.500000000000002220e-03
1.341506350946108928e-02,-5.915063509461027103e-03,-1.830127018922211857e-03
-2.745190528383290030e-03,2.075317547305555177e-03,6.830127018922216298e-03
-5.334936490538955134e-03,-1.808012701892214302e-02,-2.500000000000002220e-03
1.341506350946108928e-02,-5.915063509461027103e-03,8.169872981077797025e-03
-2.745190528383290030e-03,2.075317547305555177e-03,1.683012701892222518e-02
-5.334936490538844112e-03,-1.808012701892214302e-02,7.500000000000006661e-03
3.660254037844312691e-03,1.183012701892224849e-02,6.830127018922216298e-03
-1.366025403784443260e-02,3.169872981077848095e-03,1.830127018922211857e-03
5.000000000000004441e-03,-7.499999999999951150e-03,-4.330127018922214077e-03
-3.660254037844423713e-03,-6.830127018922160786e-03,-1.830127018922211857e-03
1.366025403784443260e-02,-1.830127018922156346e-03,6.830127018922160786e-03
-5.000000000000004441e-03,4.330127018922269588e-03,1.750000000000001554e-02
-6.339745962155696191e-03,1.183012701892224849e-02,6.830127018922216298e-03
-2.366025403784444148e-02,3.169872981077848095e-03,1.830127018922211857e-03
-5.000000000000004441e-03,-7.499999999999951150e-03,-4.330127018922214077e-03
6.339745962155585168e-03,-6.830127018922160786e-03,-1.830127018922211857e-03
2.366025403784444148e-02,-1.830127018922156346e-03,6.830127018922160786e-03
5.000000000000004441e-03,4.330127018922269588e-03,1.750000000000001554e-02
2.000000000000001776e-02,1.000000000000006439e-02,0.000000000000000000e+00
0.000000000000000000e+00,1.000000000000006439e-02,0.000000000000000000e+00
1.000000000000000888e-02,-9.999999999999953371e-03,0.000000000000000000e+00
2.000000000000001776e-02,1.000000000000006439e-02,1.000000000000000888e-02
0.000000000000000000e+00,1.000000000000006439e-02,1.000000000000000888e-02
1.000000000000000888e-02,-9.999999999999953371e-03,1.000000000000000888e-02
-1.249999999999995559e-02,-4.330127018922158566e-03,5.000000000000004441e-03
2.499999999999946709e-03,-1.299038105676653121e-02,-5.000000000000004441e-03
5.000000000000004441e-03,8.660254037844428154e-03,0.000000000000000000e+00
0.000000000000000000e+00,-9.999999999999953371e-03,0.000000000000000000e+00
2.000000000000001776e-02,-9.999999999999953371e-03,0.000000000000000000e+00
1.000000000000000888e-02,1.000000000000006439e-02,0.000000000000000000e+00
-1.000000000000000888e-02,-9.999999999999953371e-03,1.000000000000000888e-02
1.000000000000000888e-02,-9.999999999999953371e-03,1.000000000000000888e-02
0.000000000000000000e+00,1.000000000000006439e-02,1.000000000000000888e-02
0.000000000000000000e+00,-9.999999999999953371e-03,1.000000000000000888e-02
2.000000000000001776e-02,-9.999999999999953371e-03,1.000000000000000888e-02
1.000000000000000888e-02,1.000000000000006439e-02,1.000000000000000888e-02
9.575317547305450816e-03,1.024519052838335220e-02,-1.830127018922211857e-03
-8.415063509461084834e-03,9.084936490538986220e-03,6.830127018922216298e-03
-5.801270189221829909e-04,-9.665063509461058189e-03,-2.500000000000002220e-03
-1.830127018922267368e-03,-1.341506350946103376e-02,5.915063509461082614e-03
6.830127018922160786e-03,2.745190528383345541e-03,-2.075317547305499666e-03
-2.499999999999946709e-03,5.334936490538955134e-03,1.808012701892219853e-02
8.169872981077741514e-03,-1.341506350946103376e-02,5.915063509461082614e-03
1.683012701892216967e-02,2.745190528383345541e-03,-2.075317547305499666e-03
7.500000000000062172e-03,5.334936490538955134e-03,1.808012701892219853e-02
-1.183012701892216523e-02,3.660254037844423713e-03,6.830127018922216298e-03
-3.169872981077848095e-03,-1.366025403784432157e-02,1.830127018922211857e-03
7.500000000000062172e-03,5.000000000000059952e-03,-4.330127018922214077e-03
-3.660254037844312691e-03,-6.830127018922160786e-03,-1.830127018922211857e-03
1.366025403784432157e-02,-1.830127018922156346e-03,6.830127018922160786e-03
-5.000000000000004441e-03,4.330127018922269588e-03,1.750000000000001554e-02
-1.183012701892216523e-02,-6.339745962155585168e-03,6.830127018922216298e-03
-3.169872981077848095e-03,-2.366025403784433045e-02,1.830127018922211857e-03
7.500000000000062172e-03,-4.999999999999948930e-03,-4.330127018922214077e-03
6.339745962155696191e-03,-6.830127018922160786e-03,-1.830127018922211857e-03
2.366025403784433045e-02,-1.830127018922156346e-03,6.830127018922160786e-03
5.000000000000004441e-03,4.330127018922269588e-03,1.750000000000001554e-02
2.000000000000001776e-02,1.000000000000006439e-02,0.000000000000000000e+00
0.000000000000000000e+00,1.000000000000006439e-02,0.000000000000000000e+00
1.000000000000000888e-02,-9.999999999999953371e-03,0.000000000000000000e+00
2.000000000000001776e-02,1.000000000000006439e-02,1.000000000000000888e-02
0.000000000000000000e+00,1.000000000000006439e-02,1.000000000000000888e-02
1.000000000000000888e-02,-9.999999999999953371e-03,1.000000000000000888e-02
-1.249999999999995559e-02,-4.330127018922158566e-03,5.000000000000004441e-03
2.499999999999946709e-03,-1.299038105676653121e-02,-5.000000000000004441e-03
5.000000000000004441e-03,8.660254037844428154e-03,0.000000000000000000e+00
0.000000000000000000e+00,-9.999999999999953371e-03,0.000000000000000000e+00
2.000000000000001776e-02,-9.999999999999953371e-03,0.000000000000000000e+00
1.000000000000000888e-02,1.000000000000006439e-02,0.000000000000000000e+00
-1.000000000000000888e-02,-9.999999999999953371e-03,1.000000000000000888e-02
1.000000000000000888e-02,-9.999999999999953371e-03,1.000000000000000888e-02
0.000000000000000000e+00,1.000000000000006439e-02,1.000000000000000888e-02
0.000000000000000000e+00,-9.999999999999953371e-03,1.000000000000000888e-02
2.000000000000001776e-02,-9.999999999999953371e-03,1.000000000000000888e-02
1.000000000000000888e-02,1.000000000000006439e-02,1.000000000000000888e-02
9.575317547305450816e-03,1.024519052838335220e-02,-1.830127018922211857e-03
-8.415063509461084834e-03,9.084936490538986220e-03,6.830127018922216298e-03
-5.801270189221829909e-04,-9.665063509461058189e-03,-2.500000000000002220e-03
8.169872981077741514e-03,-1.341506350946103376e-02,5.915063509461082614e-03
1.683012701892216967e-02,2.745190528383345541e-03,-2.075317547305499666e-03
7.500000000000062172e-03,5.334936490538955134e-03,1.808012701892219853e-02
-1.183012701892216523e-02,3.660254037844423713e-03,6.830127018922216298e-03
-3.169872981077848095e-03,-1.366025403784432157e-02,1.830127018922211857e-03
7.500000000000062172e-03,5.000000000000059952e-03,-4.330127018922214077e-03
-3.660254037844312691e-03,-6.830127018922160786e-03,-1.830127018922211857e-03
1.366025403784432157e-02,-1.830127018922156346e-03,6.830127018922160786e-03
-5.000000000000004441e-03,4.330127018922269588e-03,1.750000000000001554e-02
-1.183012701892216523e-02,-6.339745962155585168e-03,6.830127018922216298e-03
-3.169872981077848095e-03,-2.366025403784433045e-02,1.830127018922211857e-03
7.500000000000062172e-03,-4.999999999999948930e-03,-4.330127018922214077e-03
6.339745962155696191e-03,-6.830127018922160786e-03,-1.830127018922211857e-03
2.366025403784433045e-02,-1.830127018922156346e-03,6.830127018922160786e-03
5.000000000000004441e-03,4.330127018922269588e-03,1.750000000000001554e-02
2.000000000000001776e-02,1.000000000000006439e-02,0.000000000000000000e+00
0.000000000000000000e+00,1.000000000000006439e-02,0.000000000000000000e+00
1.000000000000000888e-02,-9.999999999999953371e-03,0.000000000000000000e+00
2.000000000000001776e-02,1.000000000000006439e-02,1.000000000000000888e-02
0.000000000000000000e+00,1.000000000000006439e-02,1.000000000000000888e-02
1.000000000000000888e-02,-9.999999999999953371e-03,1.000000000000000888e-02
-1.249999999999995559e-02,-4.330127018922158566e-03,5.000000000000004441e-03
2.499999999999946709e-03,-1.299038105676653121e-02,-5.000000000000004441e-03
5.000000000000004441e-03,8.660254037844428154e-03,0.000000000000000000e+00
0.000000000000000000e+00,-9.999999999999953371e-03,0.000000000000000000e+00
2.000000000000001776e-02,-9.999999999999953371e-03,0.000000000000000000e+00
1.000000000000000888e-02,1.000000000000006439e-02,0.000000000000000000e+00
-1.000000000000000888e-02,-9.999999999999953371e-03,1.000000000000000888e-02
1.000000000000000888e-02,-9.999999999999953371e-03,1.000000000000000888e-02
0.000000000000000000e+00,1.000000000000006439e-02,1.000000000000000888e-02
0.000000000000000000e+00,-9.999999999999953371e-03,1.000000000000000888e-02
2.000000000000001776e-02,-9.999999999999953371e-03,1.000000000000000888e-02
1.000000000000000888e-02,1.000000000000006439e-02,1.000000000000000888e-02
9.575317547305450816e-03,1.024519052838335220e-02,-1.830127018922211857e-03
-8.415063509461084834e-03,9.084936490538986220e-03,6.830127018922216298e-03
-5.801270189221829909e-04,-9.665063509461058189e-03,-2.500000000000002220e-03
-1.830127018922267368e-03,-1.341506350946103376e-02,5.915063509461082614e-03
6.830127018922160786e-03,2.745190528383345541e-03,-2.075317547305499666e-03
-2.499999999999946709e-03,5.334936490538955134e-03,1.808012701892219853e-02
8.169872981077741514e-03,-1.341506350946103376e-02,5.915063509461082614e-03
1.683012701892216967e-02,2.745190528383345541e-03,-2.075317547305499666e-03
7.500000000000062172e-03,5.334936490538955134e-03,1.808012701892219853e-02
-1.183012701892216523e-02,3.660254037844423713e-03,6.830127018922216298e-03
-3.169872981077848095e-03,-1.366025403784432157e-02,1.830127018922211857e-03
7.500000000000062172e-03,5.000000000000059952e-03,-4.330127018922214077e-03
-3.660254037844312691e-03,-6.830127018922160786e-03,-1.830127018922211857e-03
1.366025403784432157e-02,-1.830127018922156346e-03,6.830127018922160786e-03
-5.000000000000004441e-03,4.330127018922269588e-03,1.750000000000001554e-02
-1.183012701892216523e-02,-6.339745962155585168e-03,6.830127018922216298e-03
-3.169872981077848095e-03,-2.366025403784433045e-02,1.830127018922211857e-03
7.500000000000062172e-03,-4.999999999999948930e-03,-4.330127018922214077e-03
6.339745962155696191e-03,-6.830127018922160786e-03,-1.830127018922211857e-03
2.366025403784433045e-02,-1.830127018922156346e-03,6.830127018922160786e-03
5.000000000000004441e-03,4.330127018922269588e-03,1.750000000000001554e-02
2.000000000000001776e-02,1.000000000000006439e-02,0.000000000000000000e+00
0.000000000000000000e+00,1.000000000000006439e-02,0.000000000000000000e+00
1.000000000000000888e-02,-9.999999999999953371e-03,0.000000000000000000e+00
2.000000000000001776e-02,1.000000000000006439e-02,1.000000000000000888e-02
0.000000000000000000e+00,1.000000000000006439e-02,1.000000000000000888e-02
1.000000000000000888e-02,-9.999999999999953371e-03,1.000000000000000888e-02
-1.249999999999995559e-02,-4.330127018922158566e-03,5.000000000000004441e-03
2.499999999999946709e-03,-1.299038105676653121e-02,-5.000000000000004441e-03
5.000000000000004441e-03,8.660254037844428154e-03,0.000000000000000000e+00
0.000000000000000000e+00,-9.999999999999953371e-03,0.000000000000000000e+00
2.000000000000001776e-02,-9.999999999999953371e-03,0.000000000000000000e+00
1.000000000000000888e-02,1.000000000000006439e-02,0.000000000000000000e+00
-1.000000000000000888e-02,-9.999999999999953371e-03,1.000000000000000888e-02
1.000000000000000888e-02,-9.999999999999953371e-03,1.000000000000000888e-02
0.000000000000000000e+00,1.000000000000006439e-02,1.000000000000000888e-02
0.000000000000000000e+00,-9.999999999999953371e-03,1.000000000000000888e-02
2.000000000000001776e-02,-9.999999999999953371e-03,1.000000000000000888e-02
1.000000000000000888e-02,1.000000000000006439e-02,1.000000000000000888e-02
9.575317547305450816e-03,1.024519052838335220e-02,-1.830127018922211857e-03
-8.415063509461084834e-03,9.084936490538986220e-03,6.830127018922216298e-03
-5.801270189221829909e-04,-9.665063509461058189e-03,-2.500000000000002220e-03
-1.830127018922267368e-03,-1.341506350946103376e-02,5.915063509461082614e-03
6.830127018922160786e-03,2.745190528383345541e-03,-2.075317547305499666e-03
-2.499999999999946709e-03,5.334936490538955134e-03,1.808012701892219853e-02
8.169872981077741514e-03,-1.341506350946103376e-02,5.915063509461082614e-03
1.683012701892216967e-02,2.745190528383345541e-03,-2.075317547305499666e-03
7.500000000000062172e-03,5.334936490538955134e-03,1.808012701892219853e-02
-1.183012701892216523e-02,3.660254037844423713e-03,6.830127018922216298e-03
-3.169872981077848095e-03,-1.366025403784432157e-02,1.830127018922211857e-03
7.500000000000062172e-03,5.000000000000059952e-03,-4.330127018922214077e-03
-3.660254037844312691e-03,-6.830127018922160786e-03,-1.830127018922211857e-03
1.366025403784432157e-02,-1.830127018922156346e-03,6.830127018922160786e-03
-5.000000000000004441e-03,4.330127018922269588e-03,1.750000000000001554e-02
-1.183012701892216523e-02,-6.339745962155585168e-03,6.830127018922216298e-03
-3.169872981077848095e-03,-2.366025403784433045e-02,1.830127018922211857e-03
7.500000000000062172e-03,-4.999999999999948930e-03,-4.330127018922214077e-03
6.339745962155696191e-03,-6.830127018922160786e-03,-1.830127018922211857e-03
2.366025403784433045e-02,-1.830127018922156346e-03,6.830127018922160786e-03
5.000000000000004441e-03,4.330127018922269588e-03,1.750000000000001554e-02
2.000000000000001776e-02,9.999999999999981126e-03,0.000000000000000000e+00
0.000000000000000000e+00,9.999999999999981126e-03,0.000000000000000000e+00
1.000000000000000888e-02,-1.000000000000003664e-02,0.000000000000000000e+00
5.000000000000004441e-03,4.330127018922186322e-03,-1.250000000000001110e-02
-5.000000000000004441e-03,1.299038105676655896e-02,2.500000000000002220e-03
0.000000000000000000e+00,-8.660254037844400399e-03,5.000000000000004441e-03
0.000000000000000000e+00,-1.000000000000003664e-02,0.000000000000000000e+00
2.000000000000001776e-02,-1.000000000000003664e-02,0.000000000000000000e+00
1.000000000000000888e-02,9.999999999999981126e-03,0.000000000000000000e+00
-1.000000000000000888e-02,-1.000000000000003664e-02,1.000000000000000888e-02
1.000000000000000888e-02,-1.000000000000003664e-02,1.000000000000000888e-02
0.000000000000000000e+00,9.999999999999981126e-03,1.000000000000000888e-02
0.000000000000000000e+00,-1.000000000000003664e-02,1.000000000000000888e-02
2.000000000000001776e-02,-1.000000000000003664e-02,1.000000000000000888e-02
1.000000000000000888e-02,9.999999999999981126e-03,1.000000000000000888e-02
-1.830127018922267368e-03,-1.024519052838332445e-02,9.575317547305506327e-03
6.830127018922160786e-03,-9.084936490538958465e-03,-8.415063509461084834e-03
-2.499999999999946709e-03,9.665063509461085944e-03,-5.801270189221829909e-04
-1.830127018922267368e-03,-1.341506350946111703e-02,5.915063509461082614e-03
6.830127018922160786e-03,2.745190528383262274e-03,-2.075317547305499666e-03
-2.499999999999946709e-03,5.334936490538871867e-03,1.808012701892219853e-02
8.169872981077741514e-03,-1.341506350946111703e-02,5.915063509461082614e-03
1.683012701892216967e-02,2.745190528383262274e-03,-2.075317547305499666e-03
7.500000000000062172e-03,5.334936490538871867e-03,1.808012701892219853e-02
-3.660254037844312691e-03,-6.830127018922244053e-03,-1.830127018922211857e-03
1.366025403784432157e-02,-1.830127018922239612e-03,6.830127018922160786e-03
-5.000000000000004441e-03,4.330127018922186322e-03,1.750000000000001554e-02
6.339745962155696191e-03,-6.830127018922244053e-03,-1.830127018922211857e-03
2.366025403784433045e-02,-1.830127018922239612e-03,6.830127018922160786e-03
5.000000000000004441e-03,4.330127018922186322e-03,1.750000000000001554e-02
2.000000000000001776e-02,9.999999999999981126e-03,0.000000000000000000e+00
0.000000000000000000e+00,9.999999999999981126e-03,0.000000000000000000e+00
1.000000000000000888e-02,-1.000000000000003664e-02,0.000000000000000000e+00
2.000000000000001776e-02,9.999999999999981126e-03,1.000000000000000888e-02
0.000000000000000000e+00,9.999999999999981126e-03,1.000000000000000888e-02
1.000000000000000888e-02,-1.000000000000003664e-02,1.000000000000000888e-02
5.000000000000004441e-03,4.330127018922186322e-03,-1.250000000000001110e-02
-5.000000000000004441e-03,1.299038105676655896e-02,2.500000000000002220e-03
0.000000000000000000e+00,-8.660254037844400399e-03,5.000000000000004441e-03
0.000000000000000000e+00,-1.000000000000003664e-02,0.000000000000000000e+00
2.000000000000001776e-02,-1.000000000000003664e-02,0.000000000000000000e+00
1.000000000000000888e-02,9.999999999999981126e-03,0.000000000000000000e+00
-1.000000000000000888e-02,-1.000000000000003664e-02,1.000000000000000888e-02
1.000000000000000888e-02,-1.000000000000003664e-02,1.000000000000000888e-02
0.000000000000000000e+00,9.999999999999981126e-03,1.000000000000000888e-02
0.000000000000000000e+00,-1.000000000000003664e-02,1.000000000000000888e-02
2.000000000000001776e-02,-1.000000000000003664e-02,1.000000000000000888e-02
1.000000000000000888e-02,9.999999999999981126e-03,1.000000000000000888e-02
-1.830127018922267368e-03,-1.024519052838332445e-02,9.575317547305506327e-03
6.830127018922160786e-03,-9.084936490538958465e-03,-8.415063509461084834e-03
-2.499999999999946709e-03,9.665063509461085944e-03,-5.801270189221829909e-04
-1.830127018922267368e-03,-1.341506350946111703e-02,5.915063509461082614e-03
6.830127018922160786e-03,2.745190528383262274e-03,-2.075317547305499666e-03
-2.499999999999946709e-03,5.334936490538871867e-03,1.808012701892219853e-02
8.169872981077741514e-03,-1.341506350946111703e-02,5.915063509461082614e-03
1.683012701892216967e-02,2.745190528383262274e-03,-2.075317547305499666e-03
7.500000000000062172e-03,5.334936490538871867e-03,1.808012701892219853e-02
-3.660254037844312691e-03,-6.830127018922244053e-03,-1.830127018922211857e-03
1.366025403784432157e-02,-1.830127018922239612e-03,6.830127018922160786e-03
-5.000000000000004441e-03,4.330127018922186322e-03,1.750000000000001554e-02
6.339745962155696191e-03,-6.830127018922244053e-03,-1.830127018922211857e-03
2.366025403784433045e-02,-1.830127018922239612e-03,6.830127018922160786e-03
5.000000000000004441e-03,4.330127018922186322e-03,1.750000000000001554e-02
2.000000000000001776e-02,9.999999999999981126e-03,0.000000000000000000e+00
0.000000000000000000e+00,9.999999999999981126e-03,0.000000000000000000e+00
1.000000000000000888e-02,-1.000000000000003664e-02,0.000000000000000000e+00
2.000000000000001776e-02,9.999999999999981126e-03,1.000000000000000888e-02
0.000000000000000000e+00,9.999999999999981126e-03,1.000000000000000888e-02
1.000000000000000888e-02,-1.000000000000003664e-02,1.000000000000000888e-02
5.000000000000004441e-03,4.330127018922186322e-03,-1.250000000000001110e-02
-5.000000000000004441e-03,1.299038105676655896e-02,2.500000000000002220e-03
0.000000000000000000e+00,-8.660254037844400399e-03,5.000000000000004441e-03
0.000000000000000000e+00,-1.000000000000003664e-02,0.000000000000000000e+00
2.000000000000001776e-02,-1.000000000000003664e-02,0.000000000000000000e+00
1.000000000000000888e-02,9.999999999999981126e-03,0.000000000000000000e+00
-1.000000000000000888e-02,-1.000000000000003664e-02,1.000000000000000888e-02
1.000000000000000888e-02,-1.000000000000003664e-02,1.000000000000000888e-02
0.000000000000000000e+00,9.999999999999981126e-03,1.000000000000000888e-02
0.000000000000000000e+00,-1.000000000000003664e-02,1.000000000000000888e-02
2.000000000000001776e-02,-1.000000000000003664e-02,1.000000000000000888e-02
1.000000000000000888e-02,9.999999999999981126e-03,1.000000000000000888e-02
-1.830127018922267368e-03,-1.024519052838332445e-02,9.575317547305506327e-03
6.830127018922160786e-03,-9.084936490538958465e-03,-8.415063509461084834e-03
-2.499999999999946709e-03,9.665063509461085944e-03,-5.801270189221829909e-04
-1.830127018922267368e-03,-1.341506350946111703e-02,5.915063509461082614e-03
6.830127018922160786e-03,2.745190528383262274e-03,-2.075317547305499666e-03
-2.499999999999946709e-03,5.334936490538871867e-03,1.808012701892219853e-02
8.169872981077741514e-03,-1.341506350946111703e-02,5.915063509461082614e-03
1.683012701892216967e-02,2.745190528383262274e-03,-2.075317547305499666e-03
7.500000000000062172e-03,5.334936490538871867e-03,1.808012701892219853e-02
-3.660254037844312691e-03,-6.830127018922244053e-03,-1.830127018922211857e-03
1.366025403784432157e-02,-1.830127018922239612e-03,6.830127018922160786e-03
-5.000000000000004441e-03,4.330127018922186322e-03,1.750000000000001554e-02
6.339745962155696191e-03,-6.830127018922244053e-03,-1.830127018922211857e-03
2.366025403784433045e-02,-1.830127018922239612e-03,6.830127018922160786e-03
5.000000000000004441e-03,4.330127018922186322e-03,1.750000000000001554e-02
2.000000000000001776e-02,9.999999999999981126e-03,0.000000000000000000e+00
0.000000000000000000e+00,9.999999999999981126e-03,0.000000000000000000e+00
1.000000000000000888e-02,-1.000000000000003664e-02,0.000000000000000000e+00
2.000000000000001776e-02,9.999999999999981126e-03,1.000000000000000888e-02
0.000000000000000000e+00,9.999999999999981126e-03,1.000000000000000888e-02
1.000000000000000888e-02,-1.000000000000003664e-02,1.000000000000000888e-02
5.000000000000004441e-03,4.330127018922186322e-03,-1.250000000000001110e-02
-5.000000000000004441e-03,1.299038105676655896e-02,2.500000000000002220e-03
0.000000000000000000e+00,-8.660254037844400399e-03,5.000000000000004441e-03
0.000000000000000000e+00,-1.000000000000003664e-02,0.000000000000000000e+00
2.000000000000001776e-02,-1.000000000000003664e-02,0.000000000000000000e+00
1.000000000000000888e-02,9.999999999999981126e-03,0.000000000000000000e+00
-1.000000000000000888e-02,-1.000000000000003664e-02,1.000000000000000888e-02
1.000000000000000888e-02,-1.000000000000003664e-02,1.000000000000000888e-02
0.000000000000000000e+00,9.999999999999981126e-03,1.000000000000000888e-02
0.000000000000000000e+00,-1.000000000000003664e-02,1.000000000000000888e-02
2.000000000000001776e-02,-1.000000000000003664e-02,1.000000000000000888e-02
1.000000000000000888e-02,9.999999999999981126e-03,1.000000000000000888e-02
-1.830127018922267368e-03,-1.024519052838332445e-02,9.575317547305506327e-03
6.830127018922160786e-03,-9.084936490538958465e-03,-8.415063509461084834e-03
-2.499999999999946709e-03,9.665063509461085944e-03,-5.801270189221829909e-04
-1.830127018922267368e-03,-1.341506350946111703e-02,5.915063509461082614e-03
6.830127018922160786e-03,2.745190528383262274e-03,-2.075317547305499666e-03
-2.499999999999946709e-03,5.334936490538871867e-03,1.808012701892219853e-02
8.169872981077741514e-03,-1.341506350946111703e-02,5.915063509461082614e-03
1.683012701892216967e-02,2.745190528383262274e-03,-2.075317547305499666e-03
7.500000000000062172e-03,5.334936490538871867e-03,1.808012701892219853e-02
-3.660254037844312691e-03,-6.830127018922244053e-03,-1.830127018922211857e-03
1.366025403784432157e-02,-1.830127018922239612e-03,6.830127018922160786e-03
-5.000000000000004441e-03,4.330127018922186322e-03,1.750000000000001554e-02
6.339745962155696191e-03,-6.830127018922244053e-03,-1.830127018922211857e-03
2.366025403784433045e-02,-1.830127018922239612e-03,6.830127018922160786e-03
5.000000000000004441e-03,4.330127018922186322e-03,1.750000000000001554e-02
2.000000000000001776e-02,9.999999999999981126e-03,0.000000000000000000e+00
0.000000000000000000e+00,9.999999999999981126e-03,0.000000000000000000e+00
1.000000000000000888e-02,-1.000000000000003664e-02,0.000000000000000000e+00
2.000000000000001776e-02,9.999999999999981126e-03,1.000000000000000888e-02
0.000000000000000000e+00,9.999999999999981126e-03,1.000000000000000888e-02
1.000000000000000888e-02,-1.000000000000003664e-02,1.000000000000000888e-02
-1.250000000000006661e-02,-4.330127018922241833e-03,5.000000000000004441e-03
2.499999999999946709e-03,-1.299038105676661448e-02,-5.000000000000004441e-03
5.000000000000004441e-03,8.660254037844344888e-03,0.000000000000000000e+00
0.000000000000000000e+00,-1.000000000000003664e-02,0.000000000000000000e+00
2.000000000000001776e-02,-1.000000000000003664e-02,0.000000000000000000e+00
1.000000000000000888e-02,9.999999999999981126e-03,0.000000000000000000e+00
-1.000000000000000888e-02,-1.000000000000003664e-02,1.000000000000000888e-02
1.000000000000000888e-02,-1.000000000000003664e-02,1.000000000000000888e-02
0.000000000000000000e+00,9.999999999999981126e-03,1.000000000000000888e-02
0.000000000000000000e+00,-1.000000000000003664e-02,1.000000000000000888e-02
2.000000000000001776e-02,-1.000000000000003664e-02,1.000000000000000888e-02
1.000000000000000888e-02,9.999999999999981126e-03,1.000000000000000888e-02
9.575317547305450816e-03,1.024519052838326894e-02,-1.830127018922211857e-03
-8.415063509461084834e-03,9.084936490538902953e-03,6.830127018922216298e-03
-5.801270189221829909e-04,-9.665063509461141456e-03,-2.500000000000002220e-03
1.341506350946108928e-02,-5.915063509461124247e-03,-1.830127018922211857e-03
-2.745190528383290030e-03,2.075317547305471910e-03,6.830127018922216298e-03
-5.334936490538955134e-03,-1.808012701892222629e-02,-2.500000000000002220e-03
1.341506350946108928e-02,-5.915063509461124247e-03,8.169872981077797025e-03
-2.745190528383290030e-03,2.075317547305471910e-03,1.683012701892222518e-02
-5.334936490538844112e-03,-1.808012701892222629e-02,7.500000000000006661e-03
3.660254037844312691e-03,1.183012701892217911e-02,6.830127018922216298e-03
-1.366025403784443260e-02,3.169872981077778706e-03,1.830127018922211857e-03
5.000000000000004441e-03,-7.500000000000034417e-03,-4.330127018922214077e-03
-3.660254037844423713e-03,-6.830127018922244053e-03,-1.830127018922211857e-03
1.366025403784443260e-02,-1.830127018922239612e-03,6.830127018922160786e-03
-5.000000000000004441e-03,4.330127018922186322e-03,1.750000000000001554e-02
-6.339745962155696191e-03,1.183012701892217911e-02,6.830127018922216298e-03
-2.366025403784444148e-02,3.169872981077778706e-03,1.830127018922211857e-03
-5.000000000000004441e-03,-7.500000000000034417e-03,-4.330127018922214077e-03
6.339745962155585168e-03,-6.830127018922244053e-03,-1.830127018922211857e-03
2.366025403784444148e-02,-1.830127018922239612e-03,6.830127018922160786e-03
5.000000000000004441e-03,4.330127018922186322e-03,1.750000000000001554e-02
2.000000000000001776e-02,9.999999999999981126e-03,0.000000000000000000e+00
0.000000000000000000e+00,9.999999999999981126e-03,0.000000000000000000e+00
1.000000000000000888e-02,-1.000000000000003664e-02,0.000000000000000000e+00
2.000000000000001776e-02,9.999999999999981126e-03,1.000000000000000888e-02
0.000000000000000000e+00,9.999999999999981126e-03,1.000000000000000888e-02
1.000000000000000888e-02,-1.000000000000003664e-02,1.000000000000000888e-02
-1.250000000000006661e-02,-4.330127018922241833e-03,5.000000000000004441e-03
2.499999999999946709e-03,-1.299038105676661448e-02,-5.000000000000004441e-03
5.000000000000004441e-03,8.660254037844344888e-03,0.000000000000000000e+00
0.000000000000000000e+00,-1.000000000000003664e-02,0.000000000000000000e+00
2.000000000000001776e-02,-1.000000000000003664e-02,0.000000000000000000e+00
1.000000000000000888e-02,9.999999999999981126e-03,0.000000000000000000e+00
-1.000000000000000888e-02,-1.000000000000003664e-02,1.000000000000000888e-02
1.000000000000000888e-02,-1.000000000000003664e-02,1.000000000000000888e-02
0.000000000000000000e+00,9.999999999999981126e-03,1.000000000000000888e-02
0.000000000000000000e+00,-1.000000000000003664e-02,1.000000000000000888e-02
2.000000000000001776e-02,-1.000000000000003664e-02,1.000000000000000888e-02
1.000000000000000888e-02,9.999999999999981126e-03,1.000000000000000888e-02
9.575317547305450816e-03,1.024519052838326894e-02,-1.830127018922211857e-03
-8.415063509461084834e-03,9.084936490538902953e-03,6.830127018922216298e-03
-5.801270189221829909e-04,-9.665063509461141456e-03,-2.500000000000002220e-03
1.341506350946108928e-02,-5.915063509461124247e-03,-1.830127018922211857e-03
-2.745190528383290030e-03,2.075317547305471910e-03,6.830127018922216298e-03
-5.334936490538955134e-03,-1.808012701892222629e-02,-2.500000000000002220e-03
1.341506350946108928e-02,-5.915063509461124247e-03,8.169872981077797025e-03
-2.745190528383290030e-03,2.075317547305471910e-03,1.683012701892222518e-02
-5.334936490538844112e-03,-1.808012701892222629e-02,7.500000000000006661e-03
3.660254037844312691e-03,1.183012701892217911e-02,6.830127018922216298e-03
-1.366025403784443260e-02,3.169872981077778706e-03,1.830127018922211857e-03
5.000000000000004441e-03,-7.500000000000034417e-03,-4.330127018922214077e-03
-3.660254037844423713e-03,-6.830127018922244053e-03,-1.830127018922211857e-03
1.366025403784443260e-02,-1.830127018922239612e-03,6.830127018922160786e-03
-5.000000000000004441e-03,4.330127018922186322e-03,1.750000000000001554e-02
-6.339745962155696191e-03,1.183012701892217911e-02,6.830127018922216298e-03
-2.366025403784444148e-02,3.169872981077778706e-03,1.830127018922211857e-03
-5.000000000000004441e-03,-7.500000000000034417e-03,-4.330127018922214077e-03
6.339745962155585168e-03,-6.830127018922244053e-03,-1.830127018922211857e-03
2.366025403784444148e-02,-1.830127018922239612e-03,6.830127018922160786e-03
5.000000000000004441e-03,4.330127018922186322e-03,1.750000000000001554e-02
2.000000000000001776e-02,9.999999999999981126e-03,0.000000000000000000e+00
0.000000000000000000e+00,9.999999999999981126e-03,0.000000000000000000e+00
1.000000000000000888e-02,-1.000000000000003664e-02,0.000000000000000000e+00
2.000000000000001776e-02,9.999999999999981126e-03,1.000000000000000888e-02
0.000000000000000000e+00,9.999999999999981126e-03,1.000000000000000888e-02
1.000000000000000888e-02,-1.000000000000003664e-02,1.000000000000000888e-02
-1.250000000000006661e-02,-4.330127018922241833e-03,5.000000000000004441e-03
2.499999999999946709e-03,-1.299038105676661448e-02,-5.000000000000004441e-03
5.000000000000004441e-03,8.660254037844344888e-03,0.000000000000000000e+00
0.000000000000000000e+00,-1.000000000000003664e-02,0.000000000000000000e+00
2.000000000000001776e-02,-1.000000000000003664e-02,0.000000000000000000e+00
1.000000000000000888e-02,9.999999999999981126e-03,0.000000000000000000e+00
-1.000000000000000888e-02,-1.000000000000003664e-02,1.000000000000000888e-02
1.000000000000000888e-02,-1.000000000000003664e-02,1.000000000000000888e-02
0.000000000000000000e+00,9.999999999999981126e-03,1.000000000000000888e-02
0.000000000000000000e+00,-1.000000000000003664e-02,1.000000000000000888e-02
2.000000000000001776e-02,-1.000000000000003664e-02,1.000000000000000888e-02
1.000000000000000888e-02,9.999999999999981126e-03,1.000000000000000888e-02
9.575317547305450816e-03,1.024519052838326894e-02,-1.830127018922211857e-03
-8.415063509461084834e-03,9.084936490538902953e-03,6.830127018922216298e-03
-5.801270189221829909e-04,-9.665063509461141456e-03,-2.500000000000002220e-03
1.341506350946108928e-02,-5.915063509461124247e-03,-1.830127018922211857e-03
-2.745190528383290030e-03,2.075317547305471910e-03,6.830127018922216298e-03
-5.334936490538955134e-03,-1.808012701892222629e-02,-2.500000000000002220e-03
1.341506350946108928e-02,-5.915063509461124247e-03,8.169872981077797025e-03
-2.745190528383290030e-03,2.075317547305471910e-03,1.683012701892222518e-02
-5.334936490538844112e-03,-1.808012701892222629e-02,7.500000000000006661e-03
-3.660254037844423713e-03,-6.830127018922244053e-03,-1.830127018922211857e-03
1.366025403784443260e-02,-1.830127018922239612e-03,6.830127018922160786e-03
-5.000000000000004441e-03,4.330127018922186322e-03,1.750000000000001554e-02
-6.339745962155696191e-03,1.183012701892217911e-02,6.830127018922216298e-03
-2.366025403784444148e-02,3.169872981077778706e-03,1.830127018922211857e-03
-5.000000000000004441e-03,-7.500000000000034417e-03,-4.330127018922214077e-03
6.339745962155585168e-03,-6.830127018922244053e-03,-1.830127018922211857e-03
2.366025403784444148e-02,-1.830127018922239612e-03,6.830127018922160786e-03
5.000000000000004441e-03,4.330127018922186322e-03,1.750000000000001554e-02
2.000000000000001776e-02,9.999999999999981126e-03,0.000000000000000000e+00
0.000000000000000000e+00,9.999999999999981126e-03,0.000000000000000000e+00
1.000000000000000888e-02,-1.000000000000003664e-02,0.000000000000000000e+00
2.000000000000001776e-02,9.999999999999981126e-03,1.000000000000000888e-02
0.000000000000000000e+00,9.999999999999981126e-03,1.000000000000000888e-02
1.000000000000000888e-02,-1.000000000000003664e-02,1.000000000000000888e-02
-1.250000000000006661e-02,-4.330127018922241833e-03,5.000000000000004441e-03
2.499999999999946709e-03,-1.299038105676661448e-02,-5.000000000000004441e-03
5.000000000000004441e-03,8.660254037844344888e-03,0.000000000000000000e+00
0.000000000000000000e+00,-1.000000000000003664e-02,0.000000000000000000e+00
2.000000000000001776e-02,-1.000000000000003664e-02,0.000000000000000000e+00
1.000000000000000888e-02,9.999999999999981126e-03,0.000000000000000000e+00
-1.000000000000000888e-02,-1.000000000000003664e-02,1.000000000000000888e-02
1.000000000000000888e-02,-1.000000000000003664e-02,1.000000000000000888e-02
0.000000000000000000e+00,9.999999999999981126e-03,1.000000000000000888e-02
0.000000000000000000e+00,-1.000000000000003664e-02,1.000000000000000888e-02
2.000000000000001776e-02,-1.000000000000003664e-02,1.000000000000000888e-02
1.000000000000000888e-02,9.999999999999981126e-03,1.000000000000000888e-02
9.575317547305450816e-03,1.024519052838326894e-02,-1.830127018922211857e-03
-8.415063509461084834e-03,9.084936490538902953e-03,6.830127018922216298e-03
-5.801270189221829909e-04,-9.665063509461141456e-03,-2.500000000000002220e-03
1.341506350946108928e-02,-5.915063509461124247e-03,-1.830127018922211857e-03
-2.745190528383290030e-03,2.075317547305471910e-03,6.830127018922216298e-03
-5.334936490538955134e-03,-1.808012701892222629e-02,-2.500000000000002220e-03
1.341506350946108928e-02,-5.915063509461124247e-03,8.169872981077797025e-03
-2.745190528383290030e-03,2.075317547305471910e-03,1.683012701892222518e-02
-5.334936490538844112e-03,-1.808012701892222629e-02,7.500000000000006661e-03
3.660254037844312691e-03,1.183012701892217911e-02,6.830127018922216298e-03
-1.366025403784443260e-02,3.169872981077778706e-03,1.830127018922211857e-03
5.000000000000004441e-03,-7.500000000000034417e-03,-4.330127018922214077e-03
-3.660254037844423713e-03,-6.830127018922244053e-03,-1.830127018922211857e-03
1.366025403784443260e-02,-1.830127018922239612e-03,6.830127018922160786e-03
-5.000000000000004441e-03,4.330127018922186322e-03,1.750000000000001554e-02
-6.339745962155696191e-03,1.183012701892217911e-02,6.830127018922216298e-03
-2.366025403784444148e-02,3.169872981077778706e-03,1.830127018922211857e-03
-5.000000000000004441e-03,-7.500000000000034417e-03,-4.330127018922214077e-03
6.339745962155585168e-03,-6.830127018922244053e-03,-1.830127018922211857e-03
2.366025403784444148e-02,-1.830127018922239612e-03,6.830127018922160786e-03
5.000000000000004441e-03,4.330127018922186322e-03,1.750000000000001554e-02
