-1.000000000000000888e-02,1.000000000000000888e-02,-2.000000000000001776e-02
-3.000000000000002665e-02,1.000000000000000888e-02,-2.000000000000001776e-02
-2.000000000000001776e-02,-1.000000000000000888e-02,-2.000000000000001776e-02
-2.000000000000001776e-02,0.000000000000000000e+00,1.799999999999999933e-01
-1.000000000000000888e-02,1.000000000000000888e-02,-1.000000000000000888e-02
-3.000000000000002665e-02,1.000000000000000888e-02,-1.000000000000000888e-02
-2.000000000000001776e-02,-1.000000000000000888e-02,-1.000000000000000888e-02
-2.000000000000001776e-02,0.000000000000000000e+00,1.900000000000000022e-01
-1.000000000000000888e-02,1.000000000000000888e-02,0.000000000000000000e+00
-3.000000000000002665e-02,1.000000000000000888e-02,0.000000000000000000e+00
-2.000000000000001776e-02,-1.000000000000000888e-02,0.000000000000000000e+00
-2.000000000000001776e-02,0.000000000000000000e+00,2.000000000000000111e-01
-1.000000000000000888e-02,1.000000000000000888e-02,1.000000000000000888e-02
-3.000000000000002665e-02,1.000000000000000888e-02,1.000000000000000888e-02
-2.000000000000001776e-02,-1.000000000000000888e-02,1.000000000000000888e-02
-2.000000000000001776e-02,0.000000000000000000e+00,2.100000000000000200e-01
0.000000000000000000e+00,1.000000000000000888e-02,0.000000000000000000e+00
-2.000000000000001776e-02,1.000000000000000888e-02,0.000000000000000000e+00
-1.000000000000000888e-02,-1.000000000000000888e-02,0.000000000000000000e+00
-1.000000000000000888e-02,0.000000000000000000e+00,2.000000000000000111e-01
0.000000000000000000e+00,1.000000000000000888e-02,1.000000000000000888e-02
-2.000000000000001776e-02,1.000000000000000888e-02,1.000000000000000888e-02
-1.000000000000000888e-02,-1.000000000000000888e-02,1.000000000000000888e-02
-1.000000000000000888e-02,0.000000000000000000e+00,2.100000000000000200e-01
1.000000000000000888e-02,1.000000000000000888e-02,0.000000000000000000e+00
-1.000000000000000888e-02,1.000000000000000888e-02,0.000000000000000000e+00
0.000000000000000000e+00,-1.000000000000000888e-02,0.000000000000000000e+00
0.000000000000000000e+00,0.000000000000000000e+00,2.000000000000000111e-01
1.000000000000000888e-02,1.000000000000000888e-02,1.000000000000000888e-02
-1.000000000000000888e-02,1.000000000000000888e-02,1.000000000000000888e-02
0.000000000000000000e+00,-1.000000000000000888e-02,1.000000000000000888e-02
0.000000000000000000e+00,0.000000000000000000e+00,2.100000000000000200e-01
2.000000000000001776e-02,1.000000000000000888e-02,0.000000000000000000e+00
0.000000000000000000e+00,1.000000000000000888e-02,0.000000000000000000e+00
1.000000000000000888e-02,-1.000000000000000888e-02,0.000000000000000000e+00
1.000000000000000888e-02,0.000000000000000000e+00,2.000000000000000111e-01
2.000000000000001776e-02,1.000000000000000888e-02,1.000000000000000888e-02
0.000000000000000000e+00,1.000000000000000888e-02,1.000000000000000888e-02
1.000000000000000888e-02,-1.000000000000000888e-02,1.000000000000000888e-02
1.000000000000000888e-02,0.000000000000000000e+00,2.100000000000000200e-01
1.000000000000000888e-02,8.660254037844400399e-03,5.000000000000004441e-03
-1.000000000000000888e-02,8.660254037844400399e-03,5.000000000000004441e-03
0.000000000000000000e+00,-8.660254037844400399e-03,-5.000000000000004441e-03
0.000000000000000000e+00,-9.999999999999999167e-02,1.732050807568877859e-01
1.000000000000000888e-02,8.660254037844400399e-03,1.500000000000001332e-02
-1.000000000000000888e-02,8.660254037844400399e-03,1.500000000000001332e-02
0.000000000000000000e+00,-8.660254037844400399e-03,5.000000000000004441e-03
0.000000000000000000e+00,-9.999999999999999167e-02,1.832050807568877948e-01
2.000000000000001776e-02,8.660254037844400399e-03,5.000000000000004441e-03
0.000000000000000000e+00,8.660254037844400399e-03,5.000000000000004441e-03
1.000000000000000888e-02,-8.660254037844400399e-03,-5.000000000000004441e-03
1.000000000000000888e-02,-9.999999999999999167e-02,1.732050807568877859e-01
2.000000000000001776e-02,8.660254037844400399e-03,1.500000000000001332e-02
0.000000000000000000e+00,8.660254037844400399e-03,1.500000000000001332e-02
1.000000000000000888e-02,-8.660254037844400399e-03,5.000000000000004441e-03
1.000000000000000888e-02,-9.999999999999999167e-02,1.832050807568877948e-01
1.000000000000000888e-02,8.660254037844400399e-03,-5.000000000000004441e-03
-1.000000000000000888e-02,8.660254037844400399e-03,-5.000000000000004441e-03
0.000000000000000000e+00,-8.660254037844400399e-03,5.000000000000004441e-03
0.000000000000000000e+00,1.000000000000000888e-01,1.732050807568876749e-01
1.000000000000000888e-02,8.660254037844400399e-03,5.000000000000004441e-03
-1.000000000000000888e-02,8.660254037844400399e-03,5.000000000000004441e-03
0.000000000000000000e+00,-8.660254037844400399e-03,1.500000000000001332e-02
0.000000000000000000e+00,1.000000000000000888e-01,1.832050807568876838e-01
2.000000000000001776e-02,8.660254037844400399e-03,-5.000000000000004441e-03
0.000000000000000000e+00,8.660254037844400399e-03,-5.000000000000004441e-03
1.000000000000000888e-02,-8.660254037844400399e-03,5.000000000000004441e-03
1.000000000000000888e-02,1.000000000000000888e-01,1.732050807568876749e-01
2.000000000000001776e-02,8.660254037844400399e-03,5.000000000000004441e-03
0.000000000000000000e+00,8.660254037844400399e-03,5.000000000000004441e-03
1.000000000000000888e-02,-8.660254037844400399e-03,1.500000000000001332e-02
1.000000000000000888e-02,1.000000000000000888e-01,1.832050807568876838e-01
8.660254037844428154e-03,1.000000000000000888e-02,-5.000000000000004441e-03
-8.660254037844372643e-03,1.000000000000000888e-02,5.000000000000004441e-03
0.000000000000000000e+00,-1.000000000000000888e-02,0.000000000000000000e+00
9.999999999999997780e-02,0.000000000000000000e+00,1.732050807568877859e-01
8.660254037844428154e-03,1.000000000000000888e-02,5.000000000000004441e-03
-8.660254037844372643e-03,1.000000000000000888e-02,1.500000000000001332e-02
0.000000000000000000e+00,-1.000000000000000888e-02,1.000000000000000888e-02
9.999999999999997780e-02,0.000000000000000000e+00,1.832050807568877948e-01
1.866025403784443704e-02,1.000000000000000888e-02,-5.000000000000004441e-03
1.339745962155580727e-03,1.000000000000000888e-02,5.000000000000004441e-03
1.000000000000000888e-02,-1.000000000000000888e-02,0.000000000000000000e+00
1.099999999999999867e-01,0.000000000000000000e+00,1.732050807568877859e-01
1.866025403784443704e-02,1.000000000000000888e-02,5.000000000000004441e-03
1.339745962155580727e-03,1.000000000000000888e-02,1.500000000000001332e-02
1.000000000000000888e-02,-1.000000000000000888e-02,1.000000000000000888e-02
1.099999999999999867e-01,0.000000000000000000e+00,1.832050807568877948e-01
8.660254037844428154e-03,1.116025403784440262e-02,6.698729810777903637e-04
-8.660254037844372643e-03,6.160254037844398178e-03,9.330127018922218518e-03
0.000000000000000000e+00,-8.660254037844400399e-03,-5.000000000000004441e-03
9.999999999999997780e-02,-8.660254037844386521e-02,1.500000000000000222e-01
8.660254037844428154e-03,1.116025403784440262e-02,1.066987298107779925e-02
-8.660254037844372643e-03,6.160254037844398178e-03,1.933012701892222740e-02
0.000000000000000000e+00,-8.660254037844400399e-03,5.000000000000004441e-03
9.999999999999997780e-02,-8.660254037844386521e-02,1.600000000000000311e-01
1.866025403784443704e-02,1.116025403784440262e-02,6.698729810777903637e-04
1.339745962155580727e-03,6.160254037844398178e-03,9.330127018922218518e-03
1.000000000000000888e-02,-8.660254037844400399e-03,-5.000000000000004441e-03
1.099999999999999867e-01,-8.660254037844386521e-02,1.500000000000000222e-01
1.866025403784443704e-02,1.116025403784440262e-02,1.066987298107779925e-02
1.339745962155580727e-03,6.160254037844398178e-03,1.933012701892222740e-02
1.000000000000000888e-02,-8.660254037844400399e-03,5.000000000000004441e-03
1.099999999999999867e-01,-8.660254037844386521e-02,1.600000000000000311e-01
8.660254037844428154e-03,6.160254037844398178e-03,-9.330127018922218518e-03
-8.660254037844372643e-03,1.116025403784440262e-02,-6.698729810777903637e-04
0.000000000000000000e+00,-8.660254037844400399e-03,5.000000000000004441e-03
9.999999999999997780e-02,8.660254037844394848e-02,1.499999999999999667e-01
8.660254037844428154e-03,6.160254037844398178e-03,6.698729810777903637e-04
-8.660254037844372643e-03,1.116025403784440262e-02,9.330127018922218518e-03
0.000000000000000000e+00,-8.660254037844400399e-03,1.500000000000001332e-02
9.999999999999997780e-02,8.660254037844394848e-02,1.599999999999999756e-01
1.866025403784443704e-02,6.160254037844398178e-03,-9.330127018922218518e-03
1.339745962155580727e-03,1.116025403784440262e-02,-6.698729810777903637e-04
1.000000000000000888e-02,-8.660254037844400399e-03,5.000000000000004441e-03
1.099999999999999867e-01,8.660254037844394848e-02,1.499999999999999667e-01
1.866025403784443704e-02,6.160254037844398178e-03,6.698729810777903637e-04
1.339745962155580727e-03,1.116025403784440262e-02,9.330127018922218518e-03
1.000000000000000888e-02,-8.660254037844400399e-03,1.500000000000001332e-02
1.099999999999999867e-01,8.660254037844394848e-02,1.599999999999999756e-01
-1.000000000000000888e-02,-8.660254037844400399e-03,5.000000000000004441e-03
1.000000000000000888e-02,-8.660254037844400399e-03,5.000000000000004441e-03
0.000000000000000000e+00,8.660254037844400399e-03,-5.000000000000004441e-03
0.000000000000000000e+00,9.999999999999997780e-02,1.732050807568877859e-01
-1.000000000000000888e-02,-8.660254037844400399e-03,1.500000000000001332e-02
1.000000000000000888e-02,-8.660254037844400399e-03,1.500000000000001332e-02
0.000000000000000000e+00,8.660254037844400399e-03,5.000000000000004441e-03
0.000000000000000000e+00,9.999999999999997780e-02,1.832050807568877948e-01
0.000000000000000000e+00,-8.660254037844400399e-03,5.000000000000004441e-03
2.000000000000001776e-02,-8.660254037844400399e-03,5.000000000000004441e-03
1.000000000000000888e-02,8.660254037844400399e-03,-5.000000000000004441e-03
1.000000000000000888e-02,9.999999999999997780e-02,1.732050807568877859e-01
0.000000000000000000e+00,-8.660254037844400399e-03,1.500000000000001332e-02
2.000000000000001776e-02,-8.660254037844400399e-03,1.500000000000001332e-02
1.000000000000000888e-02,8.660254037844400399e-03,5.000000000000004441e-03
1.000000000000000888e-02,9.999999999999997780e-02,1.832050807568877948e-01
-1.000000000000000888e-02,-1.000000000000000888e-02,0.000000000000000000e+00
1.000000000000000888e-02,-1.000000000000000888e-02,0.000000000000000000e+00
0.000000000000000000e+00,1.000000000000000888e-02,0.000000000000000000e+00
0.000000000000000000e+00,2.775557561562891351e-17,2.000000000000000111e-01
-1.000000000000000888e-02,-1.000000000000000888e-02,1.000000000000000888e-02
1.000000000000000888e-02,-1.000000000000000888e-02,1.000000000000000888e-02
0.000000000000000000e+00,1.000000000000000888e-02,1.000000000000000888e-02
0.000000000000000000e+00,2.775557561562891351e-17,2.100000000000000200e-01
0.000000000000000000e+00,-1.000000000000000888e-02,0.000000000000000000e+00
2.000000000000001776e-02,-1.000000000000000888e-02,0.000000000000000000e+00
1.000000000000000888e-02,1.000000000000000888e-02,0.000000000000000000e+00
1.000000000000000888e-02,2.775557561562891351e-17,2.000000000000000111e-01
0.000000000000000000e+00,-1.000000000000000888e-02,1.000000000000000888e-02
2.000000000000001776e-02,-1.000000000000000888e-02,1.000000000000000888e-02
1.000000000000000888e-02,1.000000000000000888e-02,1.000000000000000888e-02
1.000000000000000888e-02,2.775557561562891351e-17,2.100000000000000200e-01
-1.000000000000000888e-02,-8.660254037844400399e-03,-5.000000000000004441e-03
1.000000000000000888e-02,-8.660254037844400399e-03,-5.000000000000004441e-03
0.000000000000000000e+00,8.660254037844400399e-03,5.000000000000004441e-03
0.000000000000000000e+00,-9.999999999999995004e-02,1.732050807568877859e-01
-1.000000000000000888e-02,-8.660254037844400399e-03,5.000000000000004441e-03
1.000000000000000888e-02,-8.660254037844400399e-03,5.000000000000004441e-03
0.000000000000000000e+00,8.660254037844400399e-03,1.500000000000001332e-02
0.000000000000000000e+00,-9.999999999999995004e-02,1.832050807568877948e-01
0.000000000000000000e+00,-8.660254037844400399e-03,-5.000000000000004441e-03
2.000000000000001776e-02,-8.660254037844400399e-03,-5.000000000000004441e-03
1.000000000000000888e-02,8.660254037844400399e-03,5.000000000000004441e-03
1.000000000000000888e-02,-9.999999999999995004e-02,1.732050807568877859e-01
0.000000000000000000e+00,-8.660254037844400399e-03,5.000000000000004441e-03
2.000000000000001776e-02,-8.660254037844400399e-03,5.000000000000004441e-03
1.000000000000000888e-02,8.660254037844400399e-03,1.500000000000001332e-02
1.000000000000000888e-02,-9.999999999999995004e-02,1.832050807568877948e-01
8.660254037844428154e-03,1.116025403784440262e-02,-6.698729810777903637e-04
-8.660254037844372643e-03,6.160254037844398178e-03,-9.330127018922218518e-03
0.000000000000000000e+00,-8.660254037844400399e-03,5.000000000000004441e-03
-1.000000000000000888e-01,8.660254037844389297e-02,1.499999999999999112e-01
8.660254037844428154e-03,1.116025403784440262e-02,9.330127018922218518e-03
-8.660254037844372643e-03,6.160254037844398178e-03,6.698729810777903637e-04
0.000000000000000000e+00,-8.660254037844400399e-03,1.500000000000001332e-02
-1.000000000000000888e-01,8.660254037844389297e-02,1.599999999999999201e-01
1.866025403784443704e-02,1.116025403784440262e-02,9.330127018922218518e-03
1.339745962155580727e-03,6.160254037844398178e-03,6.698729810777903637e-04
1.000000000000000888e-02,-8.660254037844400399e-03,1.500000000000001332e-02
-9.000000000000007994e-02,8.660254037844389297e-02,1.599999999999999201e-01
3.660254037844423713e-03,1.366025403784440484e-02,0.000000000000000000e+00
-1.366025403784437708e-02,3.660254037844395958e-03,0.000000000000000000e+00
5.000000000000004441e-03,-8.660254037844400399e-03,0.000000000000000000e+00
0.000000000000000000e+00,0.000000000000000000e+00,2.000000000000000111e-01
3.660254037844423713e-03,1.366025403784440484e-02,1.000000000000000888e-02
-1.366025403784437708e-02,3.660254037844395958e-03,1.000000000000000888e-02
5.000000000000004441e-03,-8.660254037844400399e-03,1.000000000000000888e-02
0.000000000000000000e+00,0.000000000000000000e+00,2.100000000000000200e-01
1.366025403784443260e-02,1.366025403784440484e-02,0.000000000000000000e+00
-3.660254037844368202e-03,3.660254037844395958e-03,0.000000000000000000e+00
1.500000000000001332e-02,-8.660254037844400399e-03,0.000000000000000000e+00
1.000000000000000888e-02,0.000000000000000000e+00,2.000000000000000111e-01
1.366025403784443260e-02,1.366025403784440484e-02,1.000000000000000888e-02
-3.660254037844368202e-03,3.660254037844395958e-03,1.000000000000000888e-02
1.500000000000001332e-02,-8.660254037844400399e-03,1.000000000000000888e-02
1.000000000000000888e-02,0.000000000000000000e+00,2.100000000000000200e-01
3.169872981077848095e-03,1.274519052838329891e-02,5.245190528383292250e-03
-1.183012701892222074e-02,-2.451905283832878091e-04,7.745190528383294470e-03
4.330127018922214077e-03,-6.250000000000005551e-03,-6.495190528383321116e-03
9.999999999999997780e-02,-8.660254037844386521e-02,1.500000000000000222e-01
3.169872981077848095e-03,1.274519052838329891e-02,1.524519052838330113e-02
-1.183012701892222074e-02,-2.451905283832878091e-04,1.774519052838330335e-02
4.330127018922214077e-03,-6.250000000000005551e-03,3.504809471616687766e-03
9.999999999999997780e-02,-8.660254037844386521e-02,1.600000000000000311e-01
1.316987298107785698e-02,1.274519052838329891e-02,5.245190528383292250e-03
-1.830127018922211857e-03,-2.451905283832878091e-04,7.745190528383294470e-03
1.433012701892222296e-02,-6.250000000000005551e-03,-6.495190528383321116e-03
1.099999999999999867e-01,-8.660254037844386521e-02,1.500000000000000222e-01
1.316987298107785698e-02,1.274519052838329891e-02,1.524519052838330113e-02
-1.830127018922211857e-03,-2.451905283832878091e-04,1.774519052838330335e-02
1.433012701892222296e-02,-6.250000000000005551e-03,3.504809471616687766e-03
1.099999999999999867e-01,-8.660254037844386521e-02,1.600000000000000311e-01
3.169872981077848095e-03,1.091506350946108705e-02,-8.415063509461084834e-03
-1.183012701892222074e-02,6.584936490538900733e-03,4.084936490538926268e-03
4.330127018922214077e-03,-8.750000000000007772e-03,2.165063509461107039e-03
9.999999999999997780e-02,8.660254037844394848e-02,1.499999999999999667e-01
3.169872981077848095e-03,1.091506350946108705e-02,1.584936490538924048e-03
-1.183012701892222074e-02,6.584936490538900733e-03,1.408493649053893515e-02
4.330127018922214077e-03,-8.750000000000007772e-03,1.216506350946111592e-02
9.999999999999997780e-02,8.660254037844394848e-02,1.599999999999999756e-01
1.316987298107785698e-02,1.091506350946108705e-02,-8.415063509461084834e-03
-1.830127018922211857e-03,6.584936490538900733e-03,4.084936490538926268e-03
1.433012701892222296e-02,-8.750000000000007772e-03,2.165063509461107039e-03
1.099999999999999867e-01,8.660254037844394848e-02,1.499999999999999667e-01
1.316987298107785698e-02,1.091506350946108705e-02,1.584936490538924048e-03
-1.830127018922211857e-03,6.584936490538900733e-03,1.408493649053893515e-02
1.433012701892222296e-02,-8.750000000000007772e-03,1.216506350946111592e-02
1.099999999999999867e-01,8.660254037844394848e-02,1.599999999999999756e-01
-3.169872981077792584e-03,-1.091506350946111481e-02,8.415063509461084834e-03
1.183012701892216523e-02,-6.584936490538900733e-03,-4.084936490538926268e-03
-4.330127018922214077e-03,8.750000000000007772e-03,-2.165063509461107039e-03
9.999999999999997780e-02,8.660254037844389297e-02,1.500000000000000222e-01
-3.169872981077792584e-03,-1.091506350946111481e-02,1.841506350946109372e-02
1.183012701892216523e-02,-6.584936490538900733e-03,5.915063509461082614e-03
-4.330127018922214077e-03,8.750000000000007772e-03,7.834936490538901843e-03
9.999999999999997780e-02,8.660254037844389297e-02,1.600000000000000311e-01
6.830127018922160786e-03,-1.091506350946111481e-02,8.415063509461084834e-03
2.183012701892217411e-02,-6.584936490538900733e-03,-4.084936490538926268e-03
5.669872981077794805e-03,8.750000000000007772e-03,-2.165063509461107039e-03
1.099999999999999867e-01,8.660254037844389297e-02,1.500000000000000222e-01
6.830127018922160786e-03,-1.091506350946111481e-02,1.841506350946109372e-02
2.183012701892217411e-02,-6.584936490538900733e-03,5.915063509461082614e-03
5.669872981077794805e-03,8.750000000000007772e-03,7.834936490538901843e-03
1.099999999999999867e-01,8.660254037844389297e-02,1.600000000000000311e-01
-3.169872981077792584e-03,-1.366025403784440484e-02,-1.830127018922211857e-03
1.183012701892216523e-02,-3.660254037844395958e-03,6.830127018922216298e-03
-4.330127018922214077e-03,8.660254037844400399e-03,-2.500000000000002220e-03
-9.999999999999997780e-02,2.775557561562891351e-17,1.732050807568877859e-01
-3.169872981077792584e-03,-1.366025403784440484e-02,8.169872981077797025e-03
1.183012701892216523e-02,-3.660254037844395958e-03,1.683012701892222518e-02
-4.330127018922214077e-03,8.660254037844400399e-03,7.500000000000006661e-03
-9.999999999999997780e-02,2.775557561562891351e-17,1.832050807568877948e-01
6.830127018922160786e-03,-1.366025403784440484e-02,-1.830127018922211857e-03
2.183012701892217411e-02,-3.660254037844395958e-03,6.830127018922216298e-03
5.669872981077794805e-03,8.660254037844400399e-03,-2.500000000000002220e-03
-8.999999999999996891e-02,2.775557561562891351e-17,1.732050807568877859e-01
6.830127018922160786e-03,-1.366025403784440484e-02,8.169872981077797025e-03
2.183012701892217411e-02,-3.660254037844395958e-03,1.683012701892222518e-02
5.669872981077794805e-03,8.660254037844400399e-03,7.500000000000006661e-03
-8.999999999999996891e-02,2.775557561562891351e-17,1.832050807568877948e-01
3.169872981077848095e-03,1.274519052838329891e-02,-5.245190528383292250e-03
-1.183012701892222074e-02,-2.451905283832878091e-04,-7.745190528383294470e-03
4.330127018922214077e-03,-6.250000000000005551e-03,6.495190528383321116e-03
-1.000000000000000888e-01,8.660254037844389297e-02,1.499999999999999112e-01
3.169872981077848095e-03,1.274519052838329891e-02,4.754809471616716632e-03
-1.183012701892222074e-02,-2.451905283832878091e-04,2.254809471616714411e-03
4.330127018922214077e-03,-6.250000000000005551e-03,1.649519052838333000e-02
-1.000000000000000888e-01,8.660254037844389297e-02,1.599999999999999201e-01
1.316987298107785698e-02,1.274519052838329891e-02,4.754809471616716632e-03
-1.830127018922211857e-03,-2.451905283832878091e-04,2.254809471616714411e-03
1.433012701892222296e-02,-6.250000000000005551e-03,1.649519052838333000e-02
-9.000000000000007994e-02,8.660254037844389297e-02,1.599999999999999201e-01
-3.660254037844368202e-03,1.366025403784440484e-02,0.000000000000000000e+00
-1.366025403784437708e-02,-3.660254037844395958e-03,0.000000000000000000e+00
8.660254037844428154e-03,-5.000000000000004441e-03,0.000000000000000000e+00
0.000000000000000000e+00,0.000000000000000000e+00,2.000000000000000111e-01
-3.660254037844368202e-03,1.366025403784440484e-02,1.000000000000000888e-02
-1.366025403784437708e-02,-3.660254037844395958e-03,1.000000000000000888e-02
8.660254037844428154e-03,-5.000000000000004441e-03,1.000000000000000888e-02
0.000000000000000000e+00,0.000000000000000000e+00,2.100000000000000200e-01
6.339745962155585168e-03,1.366025403784440484e-02,0.000000000000000000e+00
-3.660254037844368202e-03,-3.660254037844395958e-03,0.000000000000000000e+00
1.866025403784443704e-02,-5.000000000000004441e-03,0.000000000000000000e+00
1.000000000000000888e-02,0.000000000000000000e+00,2.000000000000000111e-01
6.339745962155585168e-03,1.366025403784440484e-02,1.000000000000000888e-02
-3.660254037844368202e-03,-3.660254037844395958e-03,1.000000000000000888e-02
1.866025403784443704e-02,-5.000000000000004441e-03,1.000000000000000888e-02
1.000000000000000888e-02,0.000000000000000000e+00,2.100000000000000200e-01
-3.660254037844368202e-03,1.183012701892219298e-02,6.830127018922216298e-03
-1.366025403784437708e-02,-3.169872981077820340e-03,-1.830127018922211857e-03
8.660254037844428154e-03,-4.330127018922186322e-03,-2.500000000000002220e-03
0.000000000000000000e+00,-9.999999999999999167e-02,1.732050807568877859e-01
-3.660254037844368202e-03,1.183012701892219298e-02,1.683012701892222518e-02
-1.366025403784437708e-02,-3.169872981077820340e-03,8.169872981077797025e-03
8.660254037844428154e-03,-4.330127018922186322e-03,7.500000000000006661e-03
0.000000000000000000e+00,-9.999999999999999167e-02,1.832050807568877948e-01
6.339745962155585168e-03,1.183012701892219298e-02,6.830127018922216298e-03
-3.660254037844368202e-03,-3.169872981077820340e-03,-1.830127018922211857e-03
1.866025403784443704e-02,-4.330127018922186322e-03,-2.500000000000002220e-03
1.000000000000000888e-02,-9.999999999999999167e-02,1.732050807568877859e-01
1.316987298107785698e-02,-1.366025403784440484e-02,8.169872981077797025e-03
2.183012701892217411e-02,3.660254037844395958e-03,3.169872981077792584e-03
2.499999999999946709e-03,5.000000000000004441e-03,1.433012701892222296e-02
1.099999999999999867e-01,2.775557561562891351e-17,1.832050807568877948e-01
3.660254037844423713e-03,-1.183012701892219298e-02,-6.830127018922216298e-03
1.366025403784443260e-02,3.169872981077820340e-03,1.830127018922211857e-03
-8.660254037844372643e-03,4.330127018922186322e-03,2.500000000000002220e-03
0.000000000000000000e+00,-9.999999999999995004e-02,1.732050807568877859e-01
3.660254037844423713e-03,-1.183012701892219298e-02,3.169872981077792584e-03
1.366025403784443260e-02,3.169872981077820340e-03,1.183012701892222074e-02
-8.660254037844372643e-03,4.330127018922186322e-03,1.250000000000001110e-02
0.000000000000000000e+00,-9.999999999999995004e-02,1.832050807568877948e-01
1.366025403784443260e-02,-1.183012701892219298e-02,-6.830127018922216298e-03
2.366025403784444148e-02,3.169872981077820340e-03,1.830127018922211857e-03
1.339745962155580727e-03,4.330127018922186322e-03,2.500000000000002220e-03
1.000000000000000888e-02,-9.999999999999995004e-02,1.732050807568877859e-01
1.366025403784443260e-02,-1.183012701892219298e-02,3.169872981077792584e-03
2.366025403784444148e-02,3.169872981077820340e-03,1.183012701892222074e-02
1.339745962155580727e-03,4.330127018922186322e-03,1.250000000000001110e-02
1.000000000000000888e-02,-9.999999999999995004e-02,1.832050807568877948e-01
-3.169872981077792584e-03,5.245190528383292250e-03,-2.745190528383290030e-03
-1.183012701892222074e-02,-7.745190528383294470e-03,9.754809471616721073e-03
7.499999999999951150e-03,1.250000000000001110e-03,1.649519052838333000e-02
-1.000000000000000888e-01,1.499999999999999667e-01,9.660254037844384634e-02
6.830127018922160786e-03,1.091506350946108705e-02,1.584936490538924048e-03
-1.830127018922211857e-03,-6.584936490538900733e-03,5.915063509461082614e-03
1.749999999999996003e-02,-2.165063509461107039e-03,1.625000000000004219e-02
-9.000000000000007994e-02,8.660254037844389297e-02,1.599999999999999201e-01
5.000000000000004441e-03,2.500000000000002220e-03,1.299038105676658672e-02
5.000000000000004441e-03,1.250000000000001110e-02,-4.330127018922214077e-03
-5.000000000000004441e-03,-7.500000000000006661e-03,-4.330127018922214077e-03
-1.732050807568876749e-01,8.660254037844394848e-02,5.000000000000004441e-02
-5.000000000000004441e-03,-2.500000000000002220e-03,-2.990381056766577839e-03
-5.000000000000004441e-03,-1.250000000000001110e-02,1.433012701892222296e-02
5.000000000000004441e-03,7.500000000000006661e-03,1.433012701892222296e-02
-1.732050807568877304e-01,8.660254037844389297e-02,6.000000000000005329e-02
1.339745962155580727e-03,-1.116025403784440262e-02,1.066987298107779925e-02
1.866025403784443704e-02,-6.160254037844398178e-03,1.933012701892222740e-02
1.000000000000000888e-02,8.660254037844400399e-03,5.000000000000004441e-03
-9.000000000000007994e-02,8.660254037844389297e-02,1.599999999999999201e-01
-3.660254037844368202e-03,-1.366025403784440484e-02,0.000000000000000000e+00
1.366025403784443260e-02,-3.660254037844395958e-03,0.000000000000000000e+00
-5.000000000000004441e-03,8.660254037844400399e-03,0.000000000000000000e+00
0.000000000000000000e+00,0.000000000000000000e+00,2.000000000000000111e-01
-3.660254037844368202e-03,-1.366025403784440484e-02,1.000000000000000888e-02
1.366025403784443260e-02,-3.660254037844395958e-03,1.000000000000000888e-02
-5.000000000000004441e-03,8.660254037844400399e-03,1.000000000000000888e-02
0.000000000000000000e+00,0.000000000000000000e+00,2.100000000000000200e-01
6.339745962155585168e-03,-1.366025403784440484e-02,0.000000000000000000e+00
2.366025403784444148e-02,-3.660254037844395958e-03,0.000000000000000000e+00
5.000000000000004441e-03,8.660254037844400399e-03,0.000000000000000000e+00
1.000000000000000888e-02,0.000000000000000000e+00,2.000000000000000111e-01
6.339745962155585168e-03,-1.366025403784440484e-02,1.000000000000000888e-02
2.366025403784444148e-02,-3.660254037844395958e-03,1.000000000000000888e-02
5.000000000000004441e-03,8.660254037844400399e-03,1.000000000000000888e-02
1.000000000000000888e-02,0.000000000000000000e+00,2.100000000000000200e-01
-3.660254037844368202e-03,-1.183012701892219298e-02,-6.830127018922216298e-03
1.366025403784443260e-02,-3.169872981077820340e-03,-1.830127018922211857e-03
-5.000000000000004441e-03,7.500000000000006661e-03,4.330127018922214077e-03
0.000000000000000000e+00,-9.999999999999999167e-02,1.732050807568877859e-01
-3.660254037844368202e-03,-1.183012701892219298e-02,3.169872981077792584e-03
1.366025403784443260e-02,-3.169872981077820340e-03,8.169872981077797025e-03
-5.000000000000004441e-03,7.500000000000006661e-03,1.433012701892222296e-02
0.000000000000000000e+00,-9.999999999999999167e-02,1.832050807568877948e-01
6.339745962155585168e-03,-1.183012701892219298e-02,-6.830127018922216298e-03
2.366025403784444148e-02,-3.169872981077820340e-03,-1.830127018922211857e-03
5.000000000000004441e-03,7.500000000000006661e-03,4.330127018922214077e-03
1.000000000000000888e-02,-9.999999999999999167e-02,1.732050807568877859e-01
6.339745962155585168e-03,-1.183012701892219298e-02,3.169872981077792584e-03
2.366025403784444148e-02,-3.169872981077820340e-03,8.169872981077797025e-03
5.000000000000004441e-03,7.500000000000006661e-03,1.433012701892222296e-02
1.000000000000000888e-02,-9.999999999999999167e-02,1.832050807568877948e-01
-3.660254037844368202e-03,-1.183012701892219298e-02,6.830127018922216298e-03
1.366025403784443260e-02,-3.169872981077820340e-03,1.830127018922211857e-03
-5.000000000000004441e-03,7.500000000000006661e-03,-4.330127018922214077e-03
0.000000000000000000e+00,1.000000000000000888e-01,1.732050807568876749e-01
-3.660254037844368202e-03,-1.183012701892219298e-02,1.683012701892222518e-02
1.366025403784443260e-02,-3.169872981077820340e-03,1.183012701892222074e-02
-5.000000000000004441e-03,7.500000000000006661e-03,5.669872981077794805e-03
0.000000000000000000e+00,1.000000000000000888e-01,1.832050807568876838e-01
6.339745962155585168e-03,-1.183012701892219298e-02,6.830127018922216298e-03
2.366025403784444148e-02,-3.169872981077820340e-03,1.830127018922211857e-03
5.000000000000004441e-03,7.500000000000006661e-03,-4.330127018922214077e-03
1.000000000000000888e-02,1.000000000000000888e-01,1.732050807568876749e-01
6.339745962155585168e-03,-1.183012701892219298e-02,1.683012701892222518e-02
2.366025403784444148e-02,-3.169872981077820340e-03,1.183012701892222074e-02
5.000000000000004441e-03,7.500000000000006661e-03,5.669872981077794805e-03
1.000000000000000888e-02,1.000000000000000888e-01,1.832050807568876838e-01
-3.169872981077792584e-03,-1.366025403784440484e-02,1.830127018922211857e-03
1.183012701892216523e-02,-3.660254037844395958e-03,-6.830127018922216298e-03
-4.330127018922214077e-03,8.660254037844400399e-03,2.500000000000002220e-03
9.999999999999997780e-02,0.000000000000000000e+00,1.732050807568877859e-01
-3.169872981077792584e-03,-1.366025403784440484e-02,1.183012701892222074e-02
1.183012701892216523e-02,-3.660254037844395958e-03,3.169872981077792584e-03
-4.330127018922214077e-03,8.660254037844400399e-03,1.250000000000001110e-02
9.999999999999997780e-02,0.000000000000000000e+00,1.832050807568877948e-01
6.830127018922160786e-03,-1.366025403784440484e-02,1.830127018922211857e-03
2.183012701892217411e-02,-3.660254037844395958e-03,-6.830127018922216298e-03
5.669872981077794805e-03,8.660254037844400399e-03,2.500000000000002220e-03
1.099999999999999867e-01,0.000000000000000000e+00,1.732050807568877859e-01
6.830127018922160786e-03,-1.366025403784440484e-02,1.183012701892222074e-02
2.183012701892217411e-02,-3.660254037844395958e-03,3.169872981077792584e-03
5.669872981077794805e-03,8.660254037844400399e-03,1.250000000000001110e-02
1.099999999999999867e-01,0.000000000000000000e+00,1.832050807568877948e-01
-3.169872981077792584e-03,-1.274519052838329891e-02,-5.245190528383292250e-03
1.183012701892216523e-02,2.451905283832878091e-04,-7.745190528383294470e-03
-4.330127018922214077e-03,6.250000000000005551e-03,6.495190528383321116e-03
9.999999999999997780e-02,-8.660254037844386521e-02,1.500000000000000222e-01
-3.169872981077792584e-03,-1.274519052838329891e-02,4.754809471616716632e-03
1.183012701892216523e-02,2.451905283832878091e-04,2.254809471616714411e-03
-4.330127018922214077e-03,6.250000000000005551e-03,1.649519052838333000e-02
9.999999999999997780e-02,-8.660254037844386521e-02,1.600000000000000311e-01
6.830127018922160786e-03,-1.274519052838329891e-02,-5.245190528383292250e-03
2.183012701892217411e-02,2.451905283832878091e-04,-7.745190528383294470e-03
5.669872981077794805e-03,6.250000000000005551e-03,6.495190528383321116e-03
1.099999999999999867e-01,-8.660254037844386521e-02,1.500000000000000222e-01
6.830127018922160786e-03,-1.274519052838329891e-02,4.754809471616716632e-03
2.183012701892217411e-02,2.451905283832878091e-04,2.254809471616714411e-03
5.669872981077794805e-03,6.250000000000005551e-03,1.649519052838333000e-02
1.099999999999999867e-01,-8.660254037844386521e-02,1.600000000000000311e-01
-3.169872981077792584e-03,-1.091506350946108705e-02,8.415063509461084834e-03
1.183012701892216523e-02,-6.584936490538900733e-03,-4.084936490538926268e-03
-4.330127018922214077e-03,8.750000000000007772e-03,-2.165063509461107039e-03
9.999999999999997780e-02,8.660254037844394848e-02,1.499999999999999667e-01
-3.169872981077792584e-03,-1.091506350946108705e-02,1.841506350946109372e-02
1.183012701892216523e-02,-6.584936490538900733e-03,5.915063509461082614e-03
-4.330127018922214077e-03,8.750000000000007772e-03,7.834936490538901843e-03
9.999999999999997780e-02,8.660254037844394848e-02,1.599999999999999756e-01
6.830127018922160786e-03,-1.091506350946108705e-02,8.415063509461084834e-03
2.183012701892217411e-02,-6.584936490538900733e-03,-4.084936490538926268e-03
5.669872981077794805e-03,8.750000000000007772e-03,-2.165063509461107039e-03
1.099999999999999867e-01,8.660254037844394848e-02,1.499999999999999667e-01
6.830127018922160786e-03,-1.091506350946108705e-02,1.841506350946109372e-02
2.183012701892217411e-02,-6.584936490538900733e-03,5.915063509461082614e-03
5.669872981077794805e-03,8.750000000000007772e-03,7.834936490538901843e-03
1.099999999999999867e-01,8.660254037844394848e-02,1.599999999999999756e-01
3.169872981077848095e-03,1.091506350946111481e-02,-8.415063509461084834e-03
-1.183012701892222074e-02,6.584936490538900733e-03,4.084936490538926268e-03
4.330127018922214077e-03,-8.750000000000007772e-03,2.165063509461107039e-03
9.999999999999997780e-02,8.660254037844389297e-02,1.500000000000000222e-01
3.169872981077848095e-03,1.091506350946111481e-02,1.584936490538924048e-03
-1.183012701892222074e-02,6.584936490538900733e-03,1.408493649053893515e-02
4.330127018922214077e-03,-8.750000000000007772e-03,1.216506350946111592e-02
9.999999999999997780e-02,8.660254037844389297e-02,1.600000000000000311e-01
1.316987298107785698e-02,1.091506350946111481e-02,-8.415063509461084834e-03
-1.830127018922211857e-03,6.584936490538900733e-03,4.084936490538926268e-03
1.433012701892222296e-02,-8.750000000000007772e-03,2.165063509461107039e-03
1.099999999999999867e-01,8.660254037844389297e-02,1.500000000000000222e-01
1.316987298107785698e-02,1.091506350946111481e-02,1.584936490538924048e-03
-1.830127018922211857e-03,6.584936490538900733e-03,1.408493649053893515e-02
1.433012701892222296e-02,-8.750000000000007772e-03,1.216506350946111592e-02
1.099999999999999867e-01,8.660254037844389297e-02,1.600000000000000311e-01
3.169872981077848095e-03,1.366025403784440484e-02,-1.830127018922211857e-03
-1.183012701892222074e-02,3.660254037844395958e-03,6.830127018922216298e-03
4.330127018922214077e-03,-8.660254037844400399e-03,-2.500000000000002220e-03
9.999999999999997780e-02,2.775557561562891351e-17,1.732050807568877859e-01
3.169872981077848095e-03,1.366025403784440484e-02,8.169872981077797025e-03
-1.183012701892222074e-02,3.660254037844395958e-03,1.683012701892222518e-02
4.330127018922214077e-03,-8.660254037844400399e-03,7.500000000000006661e-03
9.999999999999997780e-02,2.775557561562891351e-17,1.832050807568877948e-01
1.316987298107785698e-02,1.366025403784440484e-02,-1.830127018922211857e-03
-1.830127018922211857e-03,3.660254037844395958e-03,6.830127018922216298e-03
1.433012701892222296e-02,-8.660254037844400399e-03,-2.500000000000002220e-03
1.099999999999999867e-01,2.775557561562891351e-17,1.732050807568877859e-01
1.316987298107785698e-02,1.366025403784440484e-02,8.169872981077797025e-03
-1.830127018922211857e-03,3.660254037844395958e-03,1.683012701892222518e-02
1.433012701892222296e-02,-8.660254037844400399e-03,7.500000000000006661e-03
1.099999999999999867e-01,2.775557561562891351e-17,1.832050807568877948e-01
3.169872981077848095e-03,1.274519052838329891e-02,5.245190528383292250e-03
-1.183012701892222074e-02,-2.451905283832878091e-04,7.745190528383294470e-03
4.330127018922214077e-03,-6.250000000000005551e-03,-6.495190528383265605e-03
9.999999999999997780e-02,-8.660254037844383745e-02,1.500000000000000222e-01
3.169872981077848095e-03,1.274519052838329891e-02,1.524519052838330113e-02
-1.183012701892222074e-02,-2.451905283832878091e-04,1.774519052838330335e-02
4.330127018922214077e-03,-6.250000000000005551e-03,3.504809471616743277e-03
9.999999999999997780e-02,-8.660254037844383745e-02,1.600000000000000311e-01
1.366025403784443260e-02,1.183012701892219298e-02,6.830127018922216298e-03
-3.660254037844368202e-03,3.169872981077820340e-03,1.830127018922211857e-03
1.500000000000001332e-02,-7.500000000000006661e-03,-4.330127018922214077e-03
1.000000000000000888e-02,-9.999999999999995004e-02,1.732050807568877859e-01
6.830127018922160786e-03,-1.274519052838329891e-02,1.524519052838330113e-02
2.183012701892217411e-02,2.451905283832878091e-04,1.774519052838330335e-02
5.669872981077794805e-03,6.250000000000005551e-03,3.504809471616687766e-03
-9.000000000000007994e-02,8.660254037844389297e-02,1.599999999999999201e-01
3.660254037844423713e-03,-1.366025403784440484e-02,0.000000000000000000e+00
1.366025403784443260e-02,3.660254037844395958e-03,0.000000000000000000e+00
-8.660254037844372643e-03,5.000000000000004441e-03,0.000000000000000000e+00
0.000000000000000000e+00,0.000000000000000000e+00,2.000000000000000111e-01
3.660254037844423713e-03,-1.366025403784440484e-02,1.000000000000000888e-02
1.366025403784443260e-02,3.660254037844395958e-03,1.000000000000000888e-02
-8.660254037844372643e-03,5.000000000000004441e-03,1.000000000000000888e-02
0.000000000000000000e+00,0.000000000000000000e+00,2.100000000000000200e-01
1.366025403784443260e-02,-1.366025403784440484e-02,0.000000000000000000e+00
2.366025403784444148e-02,3.660254037844395958e-03,0.000000000000000000e+00
1.339745962155580727e-03,5.000000000000004441e-03,0.000000000000000000e+00
1.000000000000000888e-02,0.000000000000000000e+00,2.000000000000000111e-01
1.366025403784443260e-02,-1.366025403784440484e-02,1.000000000000000888e-02
2.366025403784444148e-02,3.660254037844395958e-03,1.000000000000000888e-02
1.339745962155580727e-03,5.000000000000004441e-03,1.000000000000000888e-02
1.000000000000000888e-02,0.000000000000000000e+00,2.100000000000000200e-01
3.660254037844423713e-03,-1.183012701892222074e-02,-6.830127018922216298e-03
1.366025403784443260e-02,3.169872981077792584e-03,1.830127018922211857e-03
-8.660254037844372643e-03,4.330127018922214077e-03,2.500000000000002220e-03
0.000000000000000000e+00,-9.999999999999999167e-02,1.732050807568877859e-01
3.660254037844423713e-03,-1.183012701892222074e-02,3.169872981077792584e-03
1.366025403784443260e-02,3.169872981077792584e-03,1.183012701892222074e-02
-8.660254037844372643e-03,4.330127018922214077e-03,1.250000000000001110e-02
0.000000000000000000e+00,-9.999999999999999167e-02,1.832050807568877948e-01
1.366025403784443260e-02,-1.183012701892222074e-02,-6.830127018922216298e-03
2.366025403784444148e-02,3.169872981077792584e-03,1.830127018922211857e-03
1.339745962155580727e-03,4.330127018922214077e-03,2.500000000000002220e-03
1.000000000000000888e-02,-9.999999999999999167e-02,1.732050807568877859e-01
1.366025403784443260e-02,-1.183012701892222074e-02,3.169872981077792584e-03
2.366025403784444148e-02,3.169872981077792584e-03,1.183012701892222074e-02
1.339745962155580727e-03,4.330127018922214077e-03,1.250000000000001110e-02
1.000000000000000888e-02,-9.999999999999999167e-02,1.832050807568877948e-01
3.660254037844423713e-03,-6.830127018922216298e-03,1.183012701892222074e-02
1.366025403784443260e-02,1.830127018922184101e-03,-3.169872981077792584e-03
-8.660254037844372643e-03,2.500000000000002220e-03,-4.330127018922214077e-03
0.000000000000000000e+00,1.732050807568877304e-01,1.000000000000000333e-01
3.660254037844423713e-03,-6.830127018922216298e-03,2.183012701892222962e-02
1.366025403784443260e-02,1.830127018922184101e-03,6.830127018922216298e-03
-8.660254037844372643e-03,2.500000000000002220e-03,5.669872981077794805e-03
0.000000000000000000e+00,1.732050807568877304e-01,1.100000000000000422e-01
1.366025403784443260e-02,-6.830127018922216298e-03,1.183012701892222074e-02
2.366025403784444148e-02,1.830127018922184101e-03,-3.169872981077792584e-03
1.339745962155580727e-03,2.500000000000002220e-03,-4.330127018922214077e-03
1.000000000000000888e-02,1.732050807568877304e-01,1.000000000000000333e-01
1.366025403784443260e-02,-6.830127018922216298e-03,2.183012701892222962e-02
2.366025403784444148e-02,1.830127018922184101e-03,6.830127018922216298e-03
1.339745962155580727e-03,2.500000000000002220e-03,5.669872981077794805e-03
1.000000000000000888e-02,1.732050807568877304e-01,1.100000000000000422e-01
3.660254037844423713e-03,-1.183012701892219298e-02,6.830127018922216298e-03
1.366025403784443260e-02,3.169872981077792584e-03,-1.830127018922211857e-03
-8.660254037844372643e-03,4.330127018922186322e-03,-2.500000000000002220e-03
0.000000000000000000e+00,1.000000000000000888e-01,1.732050807568876749e-01
3.660254037844423713e-03,-1.183012701892219298e-02,1.683012701892222518e-02
1.366025403784443260e-02,3.169872981077792584e-03,8.169872981077797025e-03
-8.660254037844372643e-03,4.330127018922186322e-03,7.500000000000006661e-03
0.000000000000000000e+00,1.000000000000000888e-01,1.832050807568876838e-01
1.366025403784443260e-02,-1.183012701892219298e-02,6.830127018922216298e-03
2.366025403784444148e-02,3.169872981077792584e-03,-1.830127018922211857e-03
1.339745962155580727e-03,4.330127018922186322e-03,-2.500000000000002220e-03
1.000000000000000888e-02,1.000000000000000888e-01,1.732050807568876749e-01
1.366025403784443260e-02,-1.183012701892219298e-02,1.683012701892222518e-02
2.366025403784444148e-02,3.169872981077792584e-03,8.169872981077797025e-03
1.339745962155580727e-03,4.330127018922186322e-03,7.500000000000006661e-03
1.000000000000000888e-02,1.000000000000000888e-01,1.832050807568876838e-01
3.169872981077848095e-03,-1.366025403784440484e-02,-1.830127018922211857e-03
1.183012701892216523e-02,3.660254037844395958e-03,-6.830127018922216298e-03
-7.500000000000006661e-03,5.000000000000004441e-03,4.330127018922214077e-03
9.999999999999997780e-02,0.000000000000000000e+00,1.732050807568877859e-01
3.169872981077848095e-03,-1.366025403784440484e-02,8.169872981077797025e-03
1.183012701892216523e-02,3.660254037844395958e-03,3.169872981077792584e-03
-7.500000000000006661e-03,5.000000000000004441e-03,1.433012701892222296e-02
9.999999999999997780e-02,0.000000000000000000e+00,1.832050807568877948e-01
1.316987298107785698e-02,-1.366025403784440484e-02,-1.830127018922211857e-03
2.183012701892217411e-02,3.660254037844395958e-03,-6.830127018922216298e-03
2.499999999999946709e-03,5.000000000000004441e-03,4.330127018922214077e-03
1.099999999999999867e-01,0.000000000000000000e+00,1.732050807568877859e-01
1.316987298107785698e-02,-1.366025403784440484e-02,8.169872981077797025e-03
2.183012701892217411e-02,3.660254037844395958e-03,3.169872981077792584e-03
2.499999999999946709e-03,5.000000000000004441e-03,1.433012701892222296e-02
1.099999999999999867e-01,0.000000000000000000e+00,1.832050807568877948e-01
-3.169872981077792584e-03,1.366025403784440484e-02,1.830127018922211857e-03
-1.183012701892222074e-02,-3.660254037844368202e-03,6.830127018922216298e-03
7.499999999999951150e-03,-5.000000000000004441e-03,-4.330127018922214077e-03
9.999999999999997780e-02,2.775557561562891351e-17,1.732050807568877859e-01
-3.169872981077792584e-03,1.366025403784440484e-02,1.183012701892222074e-02
-1.183012701892222074e-02,-3.660254037844368202e-03,1.683012701892222518e-02
7.499999999999951150e-03,-5.000000000000004441e-03,5.669872981077794805e-03
9.999999999999997780e-02,2.775557561562891351e-17,1.832050807568877948e-01
6.830127018922160786e-03,1.366025403784440484e-02,1.830127018922211857e-03
-1.830127018922211857e-03,-3.660254037844368202e-03,6.830127018922216298e-03
1.749999999999996003e-02,-5.000000000000004441e-03,-4.330127018922214077e-03
1.099999999999999867e-01,2.775557561562891351e-17,1.732050807568877859e-01
6.830127018922160786e-03,1.366025403784440484e-02,1.183012701892222074e-02
-1.830127018922211857e-03,-3.660254037844368202e-03,1.683012701892222518e-02
1.749999999999996003e-02,-5.000000000000004441e-03,5.669872981077794805e-03
1.099999999999999867e-01,2.775557561562891351e-17,1.832050807568877948e-01
-3.660254037844368202e-03,1.183012701892222074e-02,6.830127018922216298e-03
-1.366025403784437708e-02,-3.169872981077792584e-03,-1.830127018922211857e-03
8.660254037844428154e-03,-4.330127018922214077e-03,-2.500000000000002220e-03
0.000000000000000000e+00,-9.999999999999995004e-02,1.732050807568877859e-01
-3.660254037844368202e-03,1.183012701892222074e-02,1.683012701892222518e-02
-1.366025403784437708e-02,-3.169872981077792584e-03,8.169872981077797025e-03
8.660254037844428154e-03,-4.330127018922214077e-03,7.500000000000006661e-03
0.000000000000000000e+00,-9.999999999999995004e-02,1.832050807568877948e-01
6.339745962155585168e-03,1.183012701892222074e-02,6.830127018922216298e-03
-3.660254037844368202e-03,-3.169872981077792584e-03,-1.830127018922211857e-03
1.866025403784443704e-02,-4.330127018922214077e-03,-2.500000000000002220e-03
1.000000000000000888e-02,-9.999999999999995004e-02,1.732050807568877859e-01
6.339745962155585168e-03,1.183012701892222074e-02,1.683012701892222518e-02
-3.660254037844368202e-03,-3.169872981077792584e-03,8.169872981077797025e-03
1.866025403784443704e-02,-4.330127018922214077e-03,7.500000000000006661e-03
1.000000000000000888e-02,-9.999999999999995004e-02,1.832050807568877948e-01
3.169872981077848095e-03,-1.091506350946111481e-02,8.415063509461084834e-03
1.183012701892216523e-02,6.584936490538900733e-03,4.084936490538926268e-03
-7.500000000000006661e-03,2.165063509461107039e-03,-6.250000000000033307e-03
-1.000000000000000888e-01,8.660254037844389297e-02,1.499999999999999112e-01
3.169872981077848095e-03,-1.091506350946111481e-02,1.841506350946109372e-02
1.183012701892216523e-02,6.584936490538900733e-03,1.408493649053893515e-02
-7.500000000000006661e-03,2.165063509461107039e-03,3.749999999999975575e-03
-1.000000000000000888e-01,8.660254037844389297e-02,1.599999999999999201e-01
1.316987298107785698e-02,-1.091506350946111481e-02,1.841506350946109372e-02
2.183012701892217411e-02,6.584936490538900733e-03,1.408493649053893515e-02
2.499999999999946709e-03,2.165063509461107039e-03,3.749999999999975575e-03
-9.000000000000007994e-02,8.660254037844389297e-02,1.599999999999999201e-01
-5.000000000000004441e-03,-2.500000000000002220e-03,-1.299038105676658672e-02
-5.000000000000004441e-03,-1.250000000000001110e-02,4.330127018922214077e-03
5.000000000000004441e-03,7.500000000000006661e-03,4.330127018922214077e-03
-1.732050807568876749e-01,8.660254037844394848e-02,5.000000000000004441e-02
-5.000000000000004441e-03,-2.500000000000002220e-03,-2.990381056766577839e-03
-5.000000000000004441e-03,-1.250000000000001110e-02,1.433012701892222296e-02
5.000000000000004441e-03,7.500000000000006661e-03,1.433012701892222296e-02
-1.732050807568876749e-01,8.660254037844394848e-02,6.000000000000005329e-02
5.000000000000004441e-03,-2.500000000000002220e-03,-2.990381056766577839e-03
5.000000000000004441e-03,-1.250000000000001110e-02,1.433012701892222296e-02
1.500000000000001332e-02,7.500000000000006661e-03,1.433012701892222296e-02
-1.632050807568876660e-01,8.660254037844394848e-02,6.000000000000005329e-02
5.000000000000004441e-03,2.500000000000002220e-03,1.299038105676658672e-02
5.000000000000004441e-03,1.250000000000001110e-02,-4.330127018922214077e-03
-5.000000000000004441e-03,-7.500000000000006661e-03,-4.330127018922214077e-03
-1.732050807568877304e-01,8.660254037844389297e-02,5.000000000000004441e-02
5.000000000000004441e-03,2.500000000000002220e-03,2.299038105676659560e-02
5.000000000000004441e-03,1.250000000000001110e-02,5.669872981077794805e-03
-5.000000000000004441e-03,-7.500000000000006661e-03,5.669872981077794805e-03
-1.732050807568877304e-01,8.660254037844389297e-02,6.000000000000005329e-02
1.500000000000001332e-02,2.500000000000002220e-03,2.299038105676659560e-02
1.500000000000001332e-02,1.250000000000001110e-02,5.669872981077794805e-03
5.000000000000004441e-03,-7.500000000000006661e-03,5.669872981077794805e-03
-1.632050807568877215e-01,8.660254037844389297e-02,6.000000000000005329e-02
